node_ID,t_0,t_1,t_2,t_3,t_4,t_5,t_6,t_7,t_8,t_9,t_10,t_11,t_12,t_13,t_14,t_15,t_16
10001174201,0,0,0,0,0,0,0,0,0,0,0,0,0,0,0,0,0
10003390777,0,1,0,1,1,1,0,1,0,0,0,0,0,0,0,0,0
10003492074,0,0,0,0,0,0,0,0,0,0,0,0,0,0,0,0,0
10003492075,1,0,2,1,4,0,0,1,2,0,0,1,1,0,0,0,0
10003979588,0,0,0,0,0,0,0,0,0,0,0,0,0,0,0,0,0
10003979600,0,0,0,0,0,0,0,0,0,0,0,0,0,0,0,0,0
10010420479,0,0,0,0,0,0,0,1,0,0,0,0,0,0,0,0,0
10023329796,0,0,0,0,0,0,0,0,0,0,0,0,1,0,0,0,0
10028791060,0,1,1,0,1,1,0,1,1,1,4,0,1,0,0,0,0
10028791067,0,0,0,0,0,0,0,0,0,0,0,0,0,0,0,0,0
10028791068,0,0,0,0,0,0,0,0,0,0,0,0,0,0,0,0,0
10028791069,0,0,0,0,0,0,0,0,0,0,0,0,0,0,0,0,0
10028791082,0,0,0,0,0,0,0,0,0,0,0,0,0,0,0,0,0
10028878557,0,3,7,7,8,4,8,10,10,3,11,8,7,5,1,0,0
10029295322,2,8,2,2,3,1,6,4,5,6,3,0,1,0,0,0,0
10032974910,0,1,1,0,1,1,0,1,1,1,4,0,1,0,0,0,0
10038588810,0,0,0,0,0,0,0,0,0,0,0,0,0,0,0,0,0
1005426510,0,0,0,0,0,0,0,0,0,0,0,0,0,0,0,0,0
10062944239,0,0,0,0,0,1,0,0,0,0,0,1,0,0,0,0,0
10091468314,1,1,3,1,1,3,1,4,0,1,1,0,0,0,0,0,0
10093909262,0,0,0,0,0,0,0,0,0,0,0,0,0,0,0,0,0
10093909269,0,0,0,0,0,0,0,0,0,0,0,0,0,0,0,0,0
10094610136,0,0,0,0,0,0,0,0,0,0,0,0,0,0,0,0,0
10094785131,0,3,2,10,6,6,3,7,3,5,5,1,3,0,0,0,0
10168584607,0,0,0,0,0,0,0,0,0,0,0,0,0,0,0,0,0
10241527085,0,0,0,0,0,0,0,0,0,0,0,0,0,0,0,0,0
10241527090,0,0,0,0,0,0,0,0,0,0,0,0,0,0,0,0,0
1037035924,0,2,3,1,0,0,0,0,0,0,1,1,0,0,0,0,0
1037147826,0,0,0,0,0,0,0,0,0,0,0,0,0,0,0,0,0
1037267117,0,0,0,0,0,0,0,0,0,0,0,0,0,0,0,0,0
1037268631,0,0,0,0,0,0,0,1,0,0,0,0,0,0,0,0,0
1037268655,0,3,3,2,4,9,1,2,5,4,3,4,1,0,0,0,0
10564712613,0,0,0,0,0,0,0,0,0,0,0,0,0,0,0,0,0
1062372933-AddedOffRampNode,0,0,0,0,0,0,0,0,0,0,0,0,0,0,0,0,0
10753151411,0,0,0,0,0,0,0,0,0,0,0,0,0,0,0,0,0
1078399170,0,0,0,0,0,0,0,0,0,0,0,0,0,0,0,0,0
1078399174,0,0,0,0,0,0,0,0,0,0,0,0,0,0,0,0,0
1078399184,0,0,0,0,0,0,0,0,0,0,0,0,1,0,0,0,0
1078399186,0,3,7,4,4,4,7,6,4,6,4,4,4,0,0,0,0
1078399202,0,0,0,0,0,0,0,0,0,0,0,0,0,0,0,0,0
1078399209,0,0,0,0,0,0,0,0,0,0,0,0,0,0,0,0,0
10839591758,0,0,0,0,0,0,0,0,0,0,0,0,0,0,0,0,0
10841378306,0,0,0,0,0,1,0,0,0,0,1,1,0,0,0,0,0
10841378307,0,0,0,0,0,1,0,0,0,0,1,0,0,0,0,0,0
10841378309,0,0,0,0,0,0,0,0,0,0,0,0,0,0,0,0,0
10842073319,2,4,3,2,2,2,2,2,2,4,3,5,4,0,0,0,0
10845521726,0,2,2,1,1,2,0,2,1,2,3,1,3,1,0,0,0
10850753028,0,0,0,0,0,1,0,0,0,0,0,0,1,0,0,0,0
1096956269,1,14,27,27,39,39,32,35,39,34,27,38,28,20,7,0,0
1096956272,1,12,11,9,15,15,10,10,9,19,10,10,9,1,0,0,0
1096956308,0,0,0,0,0,0,0,0,0,0,0,0,0,0,0,0,0
1096956311,0,0,0,0,0,0,0,0,0,0,0,0,0,0,0,0,0
1097017955,0,0,0,0,0,0,0,0,0,0,0,0,0,0,0,0,0
1097028927,1,2,2,2,4,0,0,3,2,0,1,2,1,0,0,0,0
1097941534,0,0,0,0,0,0,0,0,0,0,0,0,0,0,0,0,0
10994021557,0,0,0,0,0,0,0,0,0,0,0,0,0,0,0,0,0
10997208247,0,0,0,0,0,0,0,0,0,0,0,0,0,0,0,0,0
11011502666,0,0,0,0,0,0,0,0,0,0,0,0,0,0,0,0,0
11011502669,0,0,0,0,0,0,0,0,0,0,0,0,0,0,0,0,0
1104617516-AddedOffRampNode,0,3,0,0,4,2,5,2,2,3,4,1,3,2,0,0,0
11158353816,0,0,0,0,0,0,0,0,0,0,0,0,0,0,0,0,0
11229706391,0,0,0,0,0,0,0,0,0,0,0,0,0,0,0,0,0
11368062370,0,0,0,0,0,0,0,0,0,0,0,0,0,0,0,0,0
11383284374,0,0,0,0,0,0,0,0,0,0,0,0,0,0,0,0,0
11383284375,0,0,0,0,0,0,0,0,0,0,0,0,0,0,0,0,0
11383284378,0,1,0,0,0,0,1,1,0,2,0,0,1,0,0,0,0
11385564447,0,0,2,3,1,5,5,7,7,9,6,3,8,6,3,0,0
11387570532,0,0,0,0,0,0,0,0,0,0,0,0,0,0,0,0,0
11393438048,0,0,0,0,0,0,0,1,0,0,0,0,0,0,0,0,0
11393438055,0,0,0,0,0,0,0,1,0,0,0,0,0,0,0,0,0
11393438140,0,0,0,0,0,0,0,0,0,0,0,0,0,0,0,0,0
11442861631,0,0,0,0,0,0,0,0,0,0,0,0,0,0,0,0,0
11449185287,0,0,0,0,0,0,0,0,0,0,0,0,0,0,0,0,0
1148450802#3-AddedOffRampNode,0,0,1,18,4,9,13,12,14,14,8,6,13,12,6,1,0
11645479497,1,9,6,6,11,15,6,7,3,12,8,7,8,1,0,0,0
1165379278#1-AddedOnRampNode,0,0,0,0,0,0,0,0,0,0,0,0,0,0,0,0,0
11843210608,0,0,0,0,0,0,0,0,0,0,0,0,0,0,0,0,0
11843465408,1,0,0,1,1,1,0,1,0,0,0,0,0,0,0,0,0
11843465411,1,0,0,1,1,1,0,1,0,0,0,0,0,0,0,0,0
11846079603,0,0,0,0,0,0,0,0,0,0,0,0,1,0,0,0,0
11850032639,0,3,0,0,4,2,1,1,1,3,4,1,2,1,0,0,0
11866509770,0,0,0,0,0,0,0,0,0,0,0,0,0,0,0,0,0
11885673193,0,0,0,0,0,0,0,0,0,0,0,0,0,0,0,0,0
11885673194,0,0,0,0,0,0,0,0,0,0,0,0,0,0,0,0,0
11885673195,1,1,9,4,3,0,5,2,4,1,1,3,0,0,0,0,0
11886524569,0,0,0,0,0,0,0,0,0,0,0,0,0,0,0,0,0
11888154707,0,0,0,0,0,0,0,0,0,0,0,0,0,0,0,0,0
11898247198,0,6,23,25,34,31,23,23,23,21,25,28,23,22,3,0,0
11898247209,1,5,22,29,34,28,27,27,36,13,31,23,25,19,2,0,0
11898868421,0,4,3,2,5,2,2,5,0,0,1,3,3,0,0,0,0
11913650423,0,0,0,0,0,0,0,0,0,0,0,0,0,0,0,0,0
11919870609,1,4,4,1,3,4,2,0,3,1,1,2,1,0,0,0,0
11930197761,0,0,0,0,0,0,0,0,0,0,0,0,0,0,0,0,0
11930220747,0,0,0,0,0,0,0,0,0,0,0,0,0,0,0,0,0
11932512955,0,0,0,0,0,0,0,0,0,0,0,0,0,0,0,0,0
11932512959,0,1,0,0,0,0,1,1,0,2,0,0,1,0,0,0,0
1232839893,0,0,0,0,0,0,0,0,0,0,0,0,0,0,0,0,0
1232907942,0,0,0,0,0,0,0,0,0,0,0,0,0,0,0,0,0
1233786388#1-AddedOnRampNode,0,0,0,0,0,0,0,0,0,0,0,0,0,0,0,0,0
1278555478-AddedOffRampNode,0,6,5,13,9,7,7,5,8,4,10,8,8,0,0,0,0
1284167425-AddedOffRampNode,0,0,0,0,0,0,0,0,0,0,0,0,0,0,0,0,0
1284167426#0-AddedOffRampNode,0,0,0,0,0,0,0,0,0,0,0,0,0,0,0,0,0
1284167428-AddedOnRampNode,0,0,0,0,0,0,0,0,0,0,0,0,0,0,0,0,0
130302887#1-AddedOnRampNode,0,1,4,8,12,15,10,8,6,13,16,10,14,11,8,1,0
1435578861,0,0,0,0,0,0,0,0,0,0,0,0,0,0,0,0,0
1435578872,0,0,0,0,0,1,0,0,0,0,0,1,0,0,0,0,0
1435578873,0,0,0,0,0,0,0,0,0,0,0,0,0,0,0,0,0
1435578876,0,0,0,0,0,0,0,0,0,0,0,0,0,0,0,0,0
1435578877,0,0,0,0,0,0,0,0,0,0,0,0,0,0,0,0,0
1435578886,0,0,0,0,0,1,0,0,0,0,0,1,0,0,0,0,0
1435578887,0,0,0,0,0,0,0,0,0,0,0,0,0,0,0,0,0
1435578901,0,0,0,0,0,0,0,0,0,0,0,0,0,0,0,0,0
1435578902,0,0,0,0,0,1,0,0,0,0,0,1,0,0,0,0,0
1435591532,0,3,3,9,6,6,2,7,3,5,5,1,3,0,0,0,0
1435591534,0,0,0,0,0,0,0,0,0,0,0,0,0,0,0,0,0
1435591537,0,3,3,9,6,6,2,7,3,5,5,2,3,0,0,0,0
1435591550,0,0,0,0,0,0,0,0,0,0,0,0,0,0,0,0,0
1464773274,0,0,0,0,0,0,0,0,0,0,0,0,0,0,0,0,0
1467779077,0,0,0,0,0,0,0,0,0,0,0,0,0,0,0,0,0
1467779086,1,4,4,1,2,4,2,0,3,1,0,2,1,0,0,0,0
1467779101,0,0,0,0,0,0,0,0,0,0,0,0,0,0,0,0,0
1473933577,3,3,3,1,4,3,1,1,2,1,1,2,0,0,0,0,0
1522861748,0,0,0,0,0,0,0,0,0,0,0,0,0,0,0,0,0
1526635282,0,3,3,2,4,8,1,2,6,4,2,4,1,0,0,0,0
1553420030,3,3,4,1,4,2,2,1,2,1,1,2,0,0,0,0,0
1553420041,1,1,1,0,2,4,2,1,0,1,0,0,0,0,0,0,0
1553420080,0,0,0,3,2,1,0,1,1,2,0,3,2,0,0,0,0
1553420147,2,1,2,1,2,0,1,1,1,3,3,1,0,0,0,0,0
1553702863,0,1,0,1,1,3,0,1,3,2,0,2,0,0,0,0,0
1559233058,2,7,2,2,3,2,5,4,4,6,3,1,1,0,0,0,0
1559233119,0,0,0,0,0,0,0,0,0,0,0,0,0,0,0,0,0
1559233156,1,1,2,2,4,4,0,2,5,2,0,3,1,0,0,0,0
1559233336,1,0,2,1,3,1,0,1,2,0,0,1,1,0,0,0,0
1559233718,1,0,2,1,4,0,0,1,2,0,0,1,1,0,0,0,0
1561456994,0,0,0,0,0,0,0,0,0,0,0,0,0,0,0,0,0
1561498974,3,4,0,0,0,1,1,3,4,5,2,0,0,0,0,0,0
1562108632,0,7,4,2,3,1,6,3,5,6,2,1,1,0,0,0,0
1582763029,0,5,4,1,1,2,1,2,4,1,0,0,0,0,0,0,0
1611443084,0,0,0,0,0,0,0,0,0,0,0,0,0,0,0,0,0
161234109#1-AddedOffRampNode,0,4,5,4,12,14,12,11,10,8,10,14,10,7,4,2,0
162194149-AddedOnRampNode,0,0,0,0,0,0,0,0,0,0,0,0,0,0,0,0,0
163095719#14-AddedOffRampNode,0,0,0,0,0,0,0,0,0,0,0,0,0,0,0,0,0
1729002711,0,0,0,0,0,0,0,0,0,0,0,0,0,0,0,0,0
1729002754,1,1,9,4,4,0,5,3,4,3,3,3,0,0,0,0,0
1730116369,2,2,6,6,2,2,4,1,1,3,2,3,0,0,0,0,0
1732217241,0,0,0,0,0,0,0,0,0,0,0,0,0,0,0,0,0
1732217247,0,3,2,10,6,6,2,7,3,5,5,1,3,0,0,0,0
1748696123,0,0,0,0,0,0,0,0,0,0,0,0,0,0,0,0,0
1748696129,0,0,0,0,0,0,0,0,0,0,0,0,0,0,0,0,0
1794666972,0,0,0,0,0,0,0,0,0,0,0,0,0,0,0,0,0
184299452#0-AddedOnRampNode,0,0,0,0,0,0,0,0,0,0,0,0,0,0,0,0,0
1859080990,0,0,0,0,0,0,0,0,0,0,0,0,0,0,0,0,0
1947633350,0,0,0,0,0,0,0,0,0,0,0,0,0,0,0,0,0
1947653210,0,0,0,0,0,0,0,0,0,0,0,0,0,0,0,0,0
1947653224,1,3,16,26,29,14,19,20,25,10,25,21,21,13,1,0,0
1947653236,0,3,0,0,4,2,5,1,2,3,4,1,3,2,0,0,0
1947653247,1,3,17,30,29,14,21,23,24,10,26,22,20,13,1,0,0
1947653250,0,0,3,1,1,0,4,3,2,3,1,4,2,2,0,0,0
1947653270,0,1,0,0,2,0,1,0,1,0,0,0,2,0,0,0,0
1947653275,1,3,15,22,27,11,15,15,21,9,22,19,18,11,1,0,0
1947653280,0,0,0,0,0,0,0,0,0,0,0,0,0,0,0,0,0
1952787489,0,0,0,0,0,0,0,0,0,0,0,0,0,0,0,0,0
1955042515,0,2,3,2,1,1,4,4,1,0,5,4,2,2,0,0,0
1955042559,0,0,0,0,0,0,0,0,0,0,0,0,0,0,0,0,0
2059801403,1,15,13,6,16,17,10,13,11,19,12,8,9,1,0,0,0
2248663361,0,0,0,0,0,0,0,0,0,0,0,0,0,0,0,0,0
237184184#1-AddedOffRampNode,0,0,0,0,0,1,0,0,0,0,0,1,0,0,0,0,0
2400007904,0,0,0,0,0,0,0,0,0,0,0,0,0,0,0,0,0
2408462861,2,1,8,5,3,0,5,2,4,4,2,3,0,0,0,0,0
2408528591,2,1,8,5,3,1,5,2,4,4,2,3,0,0,0,0,0
2408541311,0,0,0,0,0,0,0,0,0,0,0,0,0,0,0,0,0
2408697722,0,0,0,0,0,0,0,0,0,0,0,0,0,0,0,0,0
2408697734,0,0,0,0,0,0,0,0,0,0,0,0,0,0,0,0,0
2432309082,0,1,0,0,0,0,1,1,0,2,0,0,1,0,0,0,0
2432309099,0,0,0,0,0,0,0,0,0,0,0,0,0,0,0,0,0
2432317051,0,2,4,2,1,2,3,1,1,2,4,1,2,0,0,0,0
2432532299,0,0,0,0,0,0,0,1,0,0,0,0,0,0,0,0,0
243464544-AddedOffRampNode,0,0,0,0,0,0,0,0,0,0,0,0,0,0,0,0,0
2446005991,0,0,0,0,0,0,0,0,0,0,0,0,1,0,0,0,0
2446005993,0,0,0,0,0,0,0,0,0,0,0,0,0,0,0,0,0
2450169568,0,0,0,0,0,0,0,0,0,0,0,0,0,0,0,0,0
2450170711,0,2,2,2,0,2,0,2,0,2,2,1,4,1,0,0,0
2450403846,0,0,0,0,0,0,0,0,0,0,0,0,0,0,0,0,0
2450403857,1,1,1,0,0,1,4,1,0,1,3,1,1,0,0,0,0
2482294017,0,2,8,10,5,6,7,12,9,5,9,12,6,7,1,0,0
2482294018,0,0,0,0,0,0,0,0,0,0,0,0,0,0,0,0,0
249083137,1,2,4,2,2,2,1,2,1,1,1,3,1,0,0,0,0
251361752,0,4,3,2,5,3,2,5,1,0,1,4,3,0,0,0,0
251361753,0,6,15,9,20,16,10,9,10,11,10,11,12,11,0,0,0
251361774,0,0,0,0,0,0,0,0,1,0,0,0,0,0,0,0,0
251648977#0-AddedOffRampNode,0,0,0,0,0,0,0,0,0,0,0,0,0,0,0,0,0
2564436827,0,0,0,0,0,0,0,0,1,0,0,0,0,0,0,0,0
2564436839,0,0,0,0,0,0,0,0,0,0,0,0,0,0,0,0,0
2572573445,0,0,0,0,0,0,0,0,0,0,0,0,0,0,0,0,0
2578344260,0,0,0,0,0,0,0,0,0,0,0,0,0,0,0,0,0
2578344262,0,0,0,0,0,0,0,0,0,0,0,0,0,0,0,0,0
2578344271,0,0,0,0,0,0,0,0,0,0,0,0,0,0,0,0,0
2611179376,0,0,0,0,0,0,0,0,0,0,0,0,0,0,0,0,0
2630925128,0,0,0,0,0,0,0,0,0,0,0,0,0,0,0,0,0
2630925139,0,0,0,0,0,1,0,0,0,0,0,1,0,0,0,0,0
2631157973,0,0,0,0,0,0,0,0,0,0,0,0,0,0,0,0,0
2631157974,0,0,0,0,0,0,0,0,0,0,0,0,0,0,0,0,0
267832691,0,0,0,0,0,0,0,0,0,0,0,0,0,0,0,0,0
2703669938,1,1,10,19,22,8,13,9,13,6,17,10,15,3,0,0,0
2703669948,0,0,0,0,0,0,0,0,0,0,0,0,0,0,0,0,0
2703669958,0,0,0,0,0,0,0,0,0,0,0,0,0,0,0,0,0
2703669982,0,0,0,0,0,0,0,0,0,0,0,0,0,0,0,0,0
2703669994,0,0,0,0,0,0,0,0,0,0,0,0,0,0,0,0,0
28071061-AddedOffRampNode,0,0,0,0,0,0,0,0,1,0,0,0,0,0,0,0,0
2821271876,0,2,8,9,6,6,10,12,11,5,10,12,6,7,1,0,0
282765938,0,0,0,0,0,0,0,0,0,0,0,0,0,0,0,0,0
282766058,0,4,6,5,12,14,11,9,11,9,11,12,10,9,2,1,0
282767694,0,0,0,0,0,0,0,0,0,0,0,0,0,0,0,0,0
282768519,0,0,0,0,0,0,0,0,0,0,0,0,0,0,0,0,0
283810337#0-AddedOffRampNode,0,0,0,0,0,0,0,0,0,0,0,0,0,0,0,0,0
2876357602,1,2,16,26,24,12,18,18,19,9,22,18,22,10,1,0,0
2876357606,0,0,0,0,0,0,0,0,0,0,0,0,0,0,0,0,0
295734747,0,0,0,0,0,1,0,0,0,0,0,1,0,0,0,0,0
295735337,0,8,26,22,40,32,26,32,34,22,33,30,25,21,2,0,0
295735341,0,4,3,2,5,2,2,5,0,0,1,3,3,0,0,0,0
295747252,0,1,1,0,1,1,0,1,2,1,4,0,1,0,0,0,0
295747253,0,6,6,4,7,12,11,8,10,8,13,6,6,1,0,0,0
295747255,1,12,28,37,35,37,34,40,32,38,32,36,36,19,2,0,0
3023900546,0,0,0,0,0,0,0,0,0,0,0,0,0,0,0,0,0
3023900565,0,0,0,0,0,1,0,0,0,0,0,1,0,0,0,0,0
3023900577,0,0,0,0,0,0,0,0,0,0,0,0,0,0,0,0,0
308069449,0,0,1,2,0,1,1,0,3,1,3,1,1,0,0,0,0
308069455,1,4,4,1,4,2,2,1,3,1,1,2,0,0,0,0,0
308072864,1,2,1,1,2,2,5,5,3,3,3,2,0,0,0,0,0
308081093,0,0,0,0,0,0,0,0,0,0,0,0,0,0,0,0,0
308185144,0,0,0,0,0,0,0,1,0,0,0,0,0,0,0,0,0
308185347,0,0,0,0,0,0,0,0,0,0,0,0,0,0,0,0,0
308185349,0,2,2,1,1,2,2,5,2,3,1,0,1,0,0,0,0
308188498,3,2,1,1,5,6,4,2,1,3,4,1,5,0,0,0,0
308188547,1,4,4,1,4,2,2,0,3,1,1,2,1,0,0,0,0
308188633,2,0,0,1,1,2,2,1,0,1,3,2,1,0,0,0,0
308188634,3,1,1,1,1,5,3,2,0,2,3,2,2,0,0,0,0
308188635,3,1,1,2,4,6,3,2,1,4,4,2,5,0,0,0,0
308188638,2,2,1,0,5,5,4,2,1,3,5,1,6,0,0,0,0
308188674,3,2,4,1,4,2,2,1,2,1,1,2,0,0,0,0,0
308231742,0,3,6,4,4,3,8,6,4,6,5,4,5,0,0,0,0
308231837,0,3,2,2,2,2,4,6,2,5,2,3,2,0,0,0,0
308231847,0,3,2,1,3,2,4,6,2,3,2,2,1,0,0,0,0
308231880,1,2,1,2,2,2,2,1,1,1,1,1,1,0,0,0,0
308232344,0,0,0,0,0,0,0,0,0,0,0,0,0,0,0,0,0
308232348,0,2,18,19,24,26,21,25,31,15,17,29,21,18,6,0,0
3158908899,1,4,0,0,0,1,0,1,2,3,2,0,0,0,0,0,0
325436722#3-AddedOffRampNode,0,0,0,0,0,1,0,0,0,0,0,1,0,0,0,0,0
327581096#0-AddedOnRampNode,0,0,0,0,0,0,0,0,0,0,0,0,0,0,0,0,0
3307010964,0,1,13,23,24,27,23,20,35,17,15,28,18,23,10,0,0
332955193,0,0,0,0,0,0,0,0,0,0,0,0,0,0,0,0,0
332955195,0,0,0,0,0,0,0,0,0,0,0,0,0,0,0,0,0
3330368619,0,0,0,0,0,0,0,0,0,0,0,0,0,0,0,0,0
3332208293,0,3,9,7,5,4,4,6,3,7,3,4,0,0,0,0,0
3343920867,0,0,0,0,0,0,0,0,0,0,0,0,0,0,0,0,0
3343920871,0,0,0,0,0,0,0,0,0,0,0,0,0,0,0,0,0
3343920883,0,0,0,0,0,0,0,0,0,0,0,0,0,0,0,0,0
335170912-AddedOnRampNode,0,0,0,0,0,0,0,0,0,0,0,0,0,0,0,0,0
335663832,0,0,0,0,0,0,0,0,0,0,0,0,0,0,0,0,0
335663834,0,0,0,0,0,0,0,0,0,0,0,0,0,0,0,0,0
335664189,0,0,0,0,0,0,0,0,0,0,0,0,0,0,0,0,0
3387131011,0,0,0,0,0,0,0,1,0,0,0,0,0,0,0,0,0
343338921,0,0,0,0,0,0,0,0,0,0,0,0,0,0,0,0,0
343338927,0,0,0,0,0,0,0,0,0,0,0,0,0,0,0,0,0
343338941,0,6,5,13,9,7,8,5,8,4,10,8,8,0,0,0,0
343338972,0,2,7,6,3,1,4,2,2,6,2,4,0,0,0,0,0
343601681,0,0,0,0,0,0,0,0,0,0,0,0,0,0,0,0,0
3511012460,0,0,0,0,0,0,0,0,0,0,0,0,0,0,0,0,0
352930062,0,0,0,0,0,0,0,0,0,0,0,0,0,0,0,0,0
3535737899,1,0,1,1,0,1,0,1,0,0,0,0,0,0,0,0,0
3585553894,1,15,27,27,39,40,32,35,40,33,28,38,30,19,7,0,0
36720992-AddedOffRampNode,0,0,0,0,0,0,0,0,0,0,0,0,0,0,0,0,0
3676182392,0,3,1,12,3,4,1,6,3,6,3,3,5,0,0,0,0
36987764#0-AddedOffRampNode,2,1,9,5,3,0,5,2,4,4,3,3,0,0,0,0,0
3735711204,0,0,0,0,0,0,0,0,0,0,0,0,0,0,0,0,0
3739201969,2,1,8,5,3,1,4,3,4,5,1,3,0,0,0,0,0
3739207820,0,0,0,0,0,0,0,0,0,0,0,0,0,0,0,0,0
374215821,0,0,0,0,0,0,0,0,0,0,0,0,0,0,0,0,0
374216761,1,0,1,0,0,1,3,2,0,0,3,1,1,0,0,0,0
374217039,0,2,3,2,1,1,4,4,1,0,5,4,2,2,0,0,0
374217261,1,3,4,2,1,3,5,4,1,1,6,4,3,2,0,0,0
374218434,0,0,0,0,0,0,0,0,0,0,0,0,0,0,0,0,0
374218461,0,1,4,2,1,1,4,4,2,0,4,6,1,3,0,0,0
376530259#2-AddedOnRampNode,0,0,0,0,0,0,0,0,0,0,0,0,0,0,0,0,0
377832182-AddedOffRampNode,1,2,7,6,3,1,4,2,4,6,3,4,0,0,0,0,0
379326802#1-AddedOnRampNode,0,0,0,0,0,0,0,0,0,0,0,0,0,0,0,0,0
379327145#1-AddedOnRampNode,0,2,2,1,1,2,0,1,1,1,3,1,3,1,0,0,0
379856108-AddedOnRampNode,0,0,0,0,0,0,0,0,0,0,0,0,0,0,0,0,0
3820070688,0,0,0,0,0,0,0,0,0,0,0,0,0,0,0,0,0
3820089796,0,1,8,20,21,7,11,8,13,6,17,10,14,3,0,0,0
3826215062,0,0,0,0,0,0,0,0,0,0,0,0,0,0,0,0,0
3830928507,0,0,0,0,0,0,0,0,0,0,0,0,0,0,0,0,0
3830964328,0,0,0,0,0,0,0,0,0,0,0,0,0,0,0,0,0
3832041164,0,0,0,0,0,0,0,0,0,0,0,0,0,0,0,0,0
3832041190,0,0,0,0,0,0,0,0,0,0,0,0,0,0,0,0,0
3833785299,0,0,1,18,4,9,13,12,14,14,8,6,13,12,6,1,0
3834008960,0,0,0,0,0,0,0,0,0,0,0,0,0,0,0,0,0
3919864568,0,0,1,2,0,2,3,1,3,2,4,2,1,0,0,0,0
392213813#1-AddedOnRampNode,0,0,0,0,0,0,0,1,0,0,0,0,0,0,0,0,0
400449302-AddedOnRampNode,0,0,0,0,0,0,0,0,0,0,0,0,0,0,0,0,0
4029957214,1,1,9,7,0,0,3,2,4,4,2,2,0,0,0,0,0
4030076934,0,0,0,0,0,0,0,1,0,0,0,0,0,0,0,0,0
4030076936,0,1,0,0,0,0,1,1,0,2,0,0,1,0,0,0,0
4044342169,0,0,0,0,0,0,0,0,0,0,0,0,0,0,0,0,0
4044342171,0,0,0,0,0,0,0,0,0,0,0,0,0,0,0,0,0
4044342174,0,0,0,0,0,0,0,0,0,0,0,0,0,0,0,0,0
4044342180,0,2,4,2,9,7,6,3,6,5,7,3,3,5,1,1,0
406674055#1-AddedOffRampNode,0,0,0,0,0,0,0,0,1,0,0,0,0,0,0,0,0
419634231,0,0,0,0,0,0,0,0,0,0,0,0,0,0,0,0,0
419638206,0,0,0,0,0,0,0,1,0,0,0,0,0,0,0,0,0
42400620-AddedOffRampNode,0,0,0,0,0,0,0,0,0,0,0,0,0,0,0,0,0
426403819,0,0,0,0,0,0,0,0,0,0,0,0,0,0,0,0,0
426407882,0,6,5,0,5,1,4,4,6,5,3,1,1,0,0,0,0
426407884,0,6,5,1,5,1,5,3,6,5,3,1,1,0,0,0,0
426806597,0,0,0,0,0,0,0,1,0,0,0,0,0,0,0,0,0
426806619,0,0,0,0,0,0,0,0,0,0,0,0,0,0,0,0,0
426835306,0,2,8,9,6,7,9,10,11,3,10,11,6,6,1,0,0
426841169,0,2,16,16,13,17,14,20,25,10,14,20,11,15,6,0,0
426841174,0,7,27,27,33,28,30,33,31,30,23,29,32,18,2,0,0
426841176,0,6,11,5,17,12,8,6,6,8,9,12,6,7,0,0,0
426935891,0,2,1,1,1,1,0,2,1,3,4,1,1,0,0,0,0
426941397,0,1,0,1,1,1,0,1,0,0,0,0,0,0,0,0,0
426941402,0,1,0,1,1,1,0,1,0,0,0,0,0,0,0,0,0
426941403,0,1,0,1,1,1,0,0,0,0,0,0,0,0,0,0,0
426941404,0,0,0,0,0,0,0,0,0,0,0,0,0,0,0,0,0
426941409,0,0,0,0,0,0,0,0,0,0,0,0,0,0,0,0,0
426941414,1,0,0,1,1,1,0,1,0,0,0,0,0,0,0,0,0
426941421,0,0,0,0,0,0,0,0,0,0,0,0,0,0,0,0,0
426941423,0,0,0,0,0,0,0,0,0,0,0,0,0,0,0,0,0
426941429,0,0,0,0,0,0,0,0,0,0,0,0,0,0,0,0,0
426941433,0,0,0,0,0,0,0,0,0,0,0,0,0,0,0,0,0
426941434,0,0,0,0,0,0,0,0,0,0,0,0,0,0,0,0,0
426941435,0,3,8,6,8,3,8,10,10,3,11,9,6,5,1,0,0
426941437,0,2,7,4,5,4,7,4,8,2,7,5,5,1,0,0,0
426941438,0,0,0,0,0,0,0,0,0,0,0,0,0,0,0,0,0
426941488,0,2,9,8,6,6,8,10,11,3,12,10,6,6,1,0,0
426962427,0,0,0,0,0,0,0,0,0,0,0,0,0,0,0,0,0
426962428,2,6,12,15,17,17,15,19,17,25,9,19,21,11,1,0,0
426962429,0,0,0,0,0,0,0,0,0,0,0,0,0,0,0,0,0
426962433,0,0,0,0,0,0,0,0,0,0,0,0,0,0,0,0,0
426962434,0,4,6,4,12,15,13,7,13,6,13,12,10,9,2,1,0
426962435,0,0,0,0,0,0,0,0,0,0,0,0,0,0,0,0,0
426962446,0,0,0,0,0,0,0,0,0,0,0,0,0,0,0,0,0
426962454,0,0,0,0,0,0,0,0,0,0,0,0,0,0,0,0,0
426962456,0,0,0,0,0,0,0,0,0,0,0,0,0,0,0,0,0
427531037,0,0,0,0,1,1,0,0,0,0,1,1,0,0,0,0,0
427531045,0,0,0,0,0,1,0,0,0,0,0,1,0,0,0,0,0
427531047,0,0,0,0,0,0,0,0,0,0,0,0,0,0,0,0,0
427531048,0,0,0,0,0,0,0,0,0,0,1,0,0,0,0,0,0
427531050,0,0,0,0,0,0,0,0,0,0,1,0,0,0,0,0,0
427531052,0,0,0,0,0,0,0,0,0,0,0,0,0,0,0,0,0
427531053,0,0,0,0,0,0,0,0,0,0,0,0,0,0,0,0,0
427593065,0,0,0,0,0,0,0,0,0,0,0,0,0,0,0,0,0
427593067,0,0,0,0,0,0,0,0,0,0,0,0,0,0,0,0,0
427593069,0,2,0,1,0,1,1,2,0,4,1,1,0,0,0,0,0
427593072,1,6,6,11,16,10,6,5,8,15,8,13,11,8,1,0,0
427593073,0,12,34,26,39,39,38,40,37,36,28,36,35,21,1,0,0
427593085,0,4,16,16,26,18,16,15,20,14,14,15,13,12,1,0,0
427593095,0,5,5,3,6,8,11,7,8,9,10,5,4,1,0,0,0
427593101,0,3,5,1,1,8,6,7,8,1,6,2,1,1,0,0,0
427593109,1,6,6,11,16,9,6,6,8,16,8,13,11,8,1,0,0
427593119,0,1,0,0,0,2,3,1,0,0,0,0,0,0,0,0,0
427593127,1,1,1,1,1,0,1,1,0,1,1,0,0,0,0,0,0
427593128,0,0,0,0,0,0,1,0,0,0,1,3,2,0,0,0,0
427593130,2,0,0,0,1,2,1,3,1,0,0,1,1,0,0,0,0
427593131,0,0,0,1,0,1,3,2,1,0,0,0,0,0,0,0,0
427593149,0,0,0,0,0,1,0,0,0,0,0,0,1,0,0,0,0
427593166,0,0,0,0,0,0,0,0,0,0,1,0,0,0,0,0,0
427593272,1,6,7,11,16,9,7,6,6,16,10,17,11,8,1,0,0
427593293,1,3,3,3,1,1,3,5,2,1,1,2,3,0,0,0,0
427593294,2,5,7,13,16,10,6,8,11,18,9,14,15,8,1,0,0
427593295,2,4,4,2,2,2,3,7,3,1,2,3,4,0,0,0,0
427593296,0,4,4,5,7,4,3,8,3,1,3,6,4,0,0,0,0
427593297,0,4,3,2,6,4,3,6,1,0,1,4,3,0,0,0,0
427593301,0,9,24,25,28,34,25,31,22,24,23,34,32,22,3,0,0
427593305,0,9,21,16,30,28,19,15,20,17,21,20,19,16,2,1,0
427593308,0,4,17,9,24,18,13,19,15,15,14,19,18,15,3,0,0
427593324,0,0,0,0,0,0,0,0,0,0,0,0,0,0,0,0,0
427593364,0,0,0,0,0,0,0,0,0,0,0,0,0,0,0,0,0
427593387,0,0,0,0,0,0,0,0,0,0,0,0,0,0,0,0,0
427593396,1,2,4,2,2,1,4,6,2,1,2,3,4,0,0,0,0
427594204,0,0,0,0,0,0,0,0,0,0,0,0,0,0,0,0,0
428048569,0,2,0,1,0,1,0,2,0,4,1,1,0,0,0,0,0
430043636,0,0,0,3,3,1,2,4,2,3,2,2,1,0,0,0,0
430043640,0,0,0,1,4,1,0,4,0,2,1,1,1,0,0,0,0
430043643,0,0,0,0,0,0,0,0,0,0,0,0,0,0,0,0,0
430043664,0,0,0,0,0,0,0,0,0,0,0,0,0,0,0,0,0
430043665,0,0,0,0,0,0,0,0,0,0,0,0,0,0,0,0,0
430043678,0,0,0,0,0,0,0,0,0,0,0,0,0,0,0,0,0
430043737,0,3,4,4,1,4,4,1,1,4,3,8,3,0,0,0,0
430043746,0,0,0,0,0,0,0,0,0,0,0,0,0,0,0,0,0
430043747,0,1,2,0,0,1,1,0,0,1,1,0,0,0,0,0,0
430043760,0,0,0,0,0,0,0,0,0,0,0,0,0,0,0,0,0
430043763,0,0,0,0,0,0,0,0,0,0,0,0,0,0,0,0,0
430043764,0,0,0,0,0,0,0,0,0,0,0,0,0,0,0,0,0
430043775,0,6,5,14,9,8,8,8,6,6,11,8,8,0,0,0,0
430127630,1,1,9,6,4,1,4,3,5,4,3,3,0,0,0,0,0
430127641,0,0,0,0,0,0,0,0,0,0,0,0,0,0,0,0,0
430127647,0,0,0,0,0,0,0,0,0,0,0,0,0,0,0,0,0
430127649,0,0,0,0,0,0,0,0,0,0,0,0,0,0,0,0,0
430127682,1,1,9,4,4,0,5,2,4,3,3,3,0,0,0,0,0
430127696,0,0,0,0,0,0,0,0,0,0,0,0,0,0,0,0,0
430127700,0,0,0,0,0,0,0,0,0,0,0,0,0,0,0,0,0
430127766,0,0,0,0,0,0,0,0,0,0,0,0,0,0,0,0,0
430127772,0,0,0,0,0,0,0,0,0,0,0,0,0,0,0,0,0
430127803,0,0,0,0,0,0,0,0,0,0,0,0,0,0,0,0,0
430127814,0,2,7,6,3,1,4,2,2,5,2,4,0,0,0,0,0
430127815,0,0,0,0,0,0,0,0,0,0,0,0,0,0,0,0,0
430127817,1,1,0,0,0,3,5,1,0,1,3,1,0,0,0,0,0
431530944,0,3,6,3,6,3,6,6,6,2,8,4,5,1,0,0,0
431531015,0,0,0,0,0,0,0,0,0,0,0,0,0,0,0,0,0
431537126,0,0,0,0,0,0,0,0,0,0,0,0,0,0,0,0,0
431547284,0,0,0,0,0,0,0,0,0,0,0,0,0,0,0,0,0
431547322,0,0,0,0,0,0,0,0,0,0,0,0,0,0,0,0,0
431548708,1,1,0,0,1,1,2,3,2,1,1,1,0,0,0,0,0
431549517,0,0,0,0,0,0,0,1,0,0,0,0,0,0,0,0,0
431552783,0,1,0,0,0,0,1,1,1,2,0,0,1,0,0,0,0
4352541558,1,2,0,1,1,1,1,1,1,5,1,1,0,0,0,0,0
443724545,0,7,4,2,3,1,6,3,6,6,2,1,1,0,0,0,0
445327430,0,2,8,9,5,6,8,11,10,5,9,11,6,7,1,0,0
446782730,2,6,1,2,1,1,5,4,4,6,3,0,1,0,0,0,0
446782734,0,9,4,2,3,1,6,3,5,6,3,1,1,0,0,0,0
446783101,1,0,2,1,4,1,0,1,2,0,0,1,1,0,0,0,0
446783105,0,2,3,1,4,6,0,1,6,2,0,3,1,0,0,0,0
446783109,0,0,0,0,0,0,0,0,0,0,0,0,0,0,0,0,0
446783117,1,3,4,2,6,7,1,2,7,3,2,4,1,0,0,0,0
446860578,0,3,4,1,5,7,1,2,7,3,2,4,1,0,0,0,0
446860603,0,0,0,0,0,0,0,0,0,0,0,0,0,0,0,0,0
446860606,0,0,0,0,0,0,0,0,0,0,0,0,0,0,0,0,0
446860611,1,0,1,0,0,1,4,1,0,1,4,0,1,0,0,0,0
447064614,0,3,4,2,5,7,1,2,6,4,2,4,1,0,0,0,0
447064935,0,3,3,2,4,8,1,2,5,4,3,4,1,0,0,0,0
447064941,0,3,3,2,4,8,1,2,6,4,3,4,1,0,0,0,0
448115317,0,0,0,0,0,0,0,0,0,0,0,0,0,0,0,0,0
448115329,1,1,2,2,5,5,0,2,5,2,0,3,1,0,0,0,0
448454654,0,0,0,0,0,0,0,0,0,0,0,0,0,0,0,0,0
448454721,1,0,1,0,0,1,4,1,0,1,3,0,1,0,0,0,0
4540529810,0,0,0,0,0,0,0,0,0,0,0,0,0,0,0,0,0
4540529811,0,0,0,0,0,0,0,0,0,0,0,0,0,0,0,0,0
458424035#2-AddedOffRampNode,0,0,0,0,0,0,0,0,0,0,0,0,0,0,0,0,0
458681912#4-AddedOffRampNode,0,4,10,26,21,10,11,11,13,10,17,12,18,3,0,0,0
458681919-AddedOnRampNode,0,0,0,0,0,0,0,0,0,0,0,0,0,0,0,0,0
461539042,0,4,5,5,11,14,11,11,10,8,11,14,10,7,3,2,0
461539049,0,4,6,4,12,14,12,9,13,8,12,12,10,9,2,1,0
461539214,0,8,7,27,17,12,9,14,13,14,15,15,16,0,0,0,0
461539256,0,0,0,0,0,0,0,0,0,0,0,0,0,0,0,0,0
461539257,0,1,7,6,8,12,10,5,9,3,11,8,7,7,1,1,0
4617529073,0,0,0,0,0,0,0,0,0,0,0,0,0,0,0,0,0
463392802,1,4,1,2,3,2,5,3,5,2,0,1,0,0,0,0,0
463392807,0,1,0,1,1,1,1,2,3,0,0,1,0,0,0,0,0
463392809,2,3,1,2,2,1,4,2,1,1,0,0,0,0,0,0,0
463392811,1,1,1,1,0,0,1,0,0,0,0,0,0,0,0,0,0
463392814,0,2,0,1,0,0,2,1,1,1,0,0,0,0,0,0,0
463392815,1,1,0,0,0,0,0,0,1,0,0,0,0,0,0,0,0
463392819,1,2,0,1,1,1,3,2,1,1,0,0,0,0,0,0,0
463392821,1,0,0,1,1,1,1,1,0,0,0,0,0,0,0,0,0
463392823,0,1,0,1,0,0,2,1,0,1,0,0,0,0,0,0,0
463392828,0,1,0,1,0,0,2,1,0,1,0,0,0,0,0,0,0
463392942,0,0,0,0,0,0,0,0,0,0,0,0,0,0,0,0,0
463392982,0,7,5,2,4,1,5,3,6,6,3,1,1,0,0,0,0
463393043,0,0,0,0,0,0,0,0,0,0,0,0,0,0,0,0,0
463393045,0,0,0,0,0,0,0,0,0,0,0,0,0,0,0,0,0
463393049,0,0,0,0,0,0,0,0,0,0,0,0,0,0,0,0,0
463393055,0,0,0,0,0,0,0,0,0,0,0,0,0,0,0,0,0
463393171,0,0,0,0,0,0,0,0,0,0,0,0,0,0,0,0,0
463393175,0,1,12,23,23,26,24,21,33,18,15,28,15,25,10,0,0
463393266,0,0,0,0,0,0,0,0,0,0,0,0,0,0,0,0,0
463393565,0,0,0,0,0,0,0,0,0,0,0,0,0,0,0,0,0
463429642,1,4,0,0,0,1,0,2,2,3,2,0,0,0,0,0,0
463448638,0,0,0,0,0,0,0,0,0,0,0,0,0,0,0,0,0
463448643,0,0,0,0,0,0,0,0,0,0,0,0,0,0,0,0,0
463680893,0,0,0,0,0,0,0,0,0,0,0,0,0,0,0,0,0
4644314386,0,0,0,0,0,0,0,0,0,0,0,0,0,0,0,0,0
465232459,0,0,5,7,5,13,14,12,9,10,9,11,13,8,8,1,1
470253062,0,0,0,0,0,1,0,0,0,0,0,1,0,0,0,0,0
473755428,0,0,0,0,0,0,0,0,0,0,0,0,0,0,0,0,0
473760710,0,2,19,19,26,27,24,29,31,18,19,27,24,18,6,0,0
473760992,1,12,11,8,16,15,10,10,9,19,10,10,9,1,0,0,0
4844599844,1,9,6,6,11,17,6,7,6,10,8,7,8,1,0,0,0
4849094103,0,0,0,0,0,0,0,0,0,0,0,0,0,0,0,0,0
4905822412,0,0,0,0,0,0,0,0,0,0,0,0,0,0,0,0,0
4912560016,1,12,12,8,16,15,12,10,9,18,11,10,8,4,0,0,0
4912560024,1,11,12,8,16,14,13,10,9,18,11,10,6,4,0,0,0
4912560027,0,0,0,0,0,0,0,0,0,0,0,0,0,0,0,0,0
503306668#1-AddedOffRampNode,0,0,0,0,0,0,0,0,0,0,0,0,0,0,0,0,0
519549329,0,0,1,1,0,1,0,1,2,0,0,2,0,0,0,0,0
520197469,0,0,0,0,0,0,0,0,0,0,0,0,0,0,0,0,0
521144067,0,0,0,0,0,0,0,0,0,0,0,0,0,0,0,0,0
521144069,0,0,0,0,0,0,0,0,0,0,0,0,0,0,0,0,0
521144442,0,1,1,1,1,1,2,1,2,1,1,1,0,0,0,0,0
521144462,0,0,0,0,0,0,0,0,0,0,0,0,0,0,0,0,0
529003605,0,3,6,4,5,3,7,7,5,4,8,4,5,1,0,0,0
529003619,0,3,6,4,4,3,8,7,5,5,6,4,5,0,0,0,0
529003689,0,0,0,0,0,0,0,0,0,0,0,0,0,0,0,0,0
529003713,0,2,3,2,1,1,4,3,2,0,4,5,1,3,0,0,0
529003714,0,2,3,2,1,1,4,3,2,0,4,5,1,3,0,0,0
529006140,0,0,0,0,0,0,0,0,0,0,0,0,0,0,0,0,0
529018395,0,0,0,0,0,0,0,0,0,0,0,0,0,0,0,0,0
529018396,0,0,0,0,0,0,0,0,0,0,0,0,0,0,0,0,0
529022875,0,0,0,0,0,0,0,0,0,0,0,0,0,0,0,0,0
529277227,0,3,3,5,2,3,4,1,1,1,4,6,5,0,0,0,0
529291141,0,0,0,0,0,0,0,0,0,0,0,0,0,0,0,0,0
529321357,1,0,1,0,0,1,4,2,0,0,3,1,1,0,0,0,0
529359329,0,0,0,0,0,0,0,0,0,0,0,0,0,0,0,0,0
529780927,0,0,0,0,1,1,2,1,1,0,1,0,0,0,0,0,0
5317700688,0,0,0,0,0,0,0,0,0,0,0,0,0,0,0,0,0
5318020385,0,0,0,0,0,0,0,0,0,0,0,0,0,0,0,0,0
5392852819,0,2,3,2,1,1,4,3,2,0,5,5,2,3,0,0,0
5392857471,0,2,2,1,1,2,0,1,1,1,3,1,3,1,0,0,0
5392857477,1,2,3,1,1,3,3,3,1,1,5,3,3,1,0,0,0
5396067345,0,0,0,0,0,0,0,0,0,0,0,0,0,0,0,0,0
5558663785,0,0,0,0,0,0,0,0,0,0,0,0,0,0,0,0,0
5558663787,0,2,5,1,1,7,6,5,8,1,5,2,1,1,0,0,0
5558684134,0,1,1,2,3,2,2,3,1,1,1,2,1,0,0,0,0
5559151366,0,0,0,0,0,0,0,0,0,0,0,0,0,0,0,0,0
574566424,3,2,4,1,4,2,2,1,2,1,1,2,0,0,0,0,0
574575109,0,1,0,1,2,2,1,1,4,2,2,2,0,0,0,0,0
582566913,0,0,0,0,0,0,0,0,0,0,0,0,0,0,0,0,0
582566914,0,0,0,0,0,0,0,0,0,0,0,0,0,0,0,0,0
582566933,0,3,3,10,7,6,2,7,3,5,5,2,2,0,0,0,0
582566935,0,0,0,0,0,0,0,0,0,0,0,0,0,0,0,0,0
582566939,0,0,0,0,0,0,0,0,0,0,0,0,0,0,0,0,0
582566946,0,0,0,0,0,0,0,0,0,0,0,0,0,0,0,0,0
582566956,0,0,0,0,0,0,0,0,0,0,0,0,0,0,0,0,0
582567260,1,0,3,0,2,3,2,3,0,1,1,0,0,0,0,0,0
582575956,0,3,4,4,1,4,3,1,1,4,3,7,3,0,0,0,0
582575957,0,3,4,4,2,4,3,1,1,4,3,6,3,0,0,0,0
582575994,0,3,3,3,1,3,2,0,0,2,2,2,1,0,0,0,0
582576030,0,1,2,2,3,1,1,2,2,3,6,6,2,0,0,0,0
582576043,2,3,3,2,2,1,0,0,1,2,3,2,0,0,0,0,0
582576051,0,0,1,1,0,1,1,0,0,0,1,1,0,0,0,0,0
582589180,0,3,4,5,1,3,4,1,1,3,4,8,3,0,0,0,0
582589243,0,0,0,0,0,0,0,0,0,0,0,0,0,0,0,0,0
583465629,0,3,11,3,15,9,4,4,5,7,4,9,5,5,0,0,0
590154319,0,0,0,0,0,0,0,0,0,0,0,0,0,0,0,0,0
5910712476,0,0,0,1,1,0,0,0,0,0,0,1,1,0,0,0,0
5910712478,0,0,0,1,0,0,0,0,0,0,0,1,0,0,0,0,0
598947926,0,0,0,0,0,0,0,0,0,0,0,0,0,0,0,0,0
598947945,0,0,0,0,0,0,0,0,0,0,0,0,0,0,0,0,0
599150773,0,0,3,5,4,1,1,2,1,1,3,3,0,0,0,0,0
6033543920,0,0,3,10,7,17,12,8,13,17,9,8,15,12,9,0,0
6033543923,0,0,3,10,7,17,12,8,13,17,9,8,15,12,9,0,0
607746816#4-AddedOffRampNode,0,3,1,12,3,4,1,6,3,6,3,3,5,0,0,0,0
610333729,0,0,0,0,0,0,0,0,0,0,0,0,0,0,0,0,0
610334093,0,0,0,0,0,0,0,0,0,0,0,0,0,0,0,0,0
610334162,0,0,0,0,0,0,0,0,0,0,0,0,0,0,0,0,0
613014002,0,5,11,7,8,11,7,5,5,11,7,5,9,3,0,0,0
6195611171,1,1,0,0,0,3,3,0,0,1,3,1,0,0,0,0,0
6315729063,0,0,0,0,0,0,0,0,0,0,0,0,0,0,0,0,0
6318681361,0,0,0,0,0,0,0,0,0,0,0,0,0,0,0,0,0
6478168638,0,0,0,0,0,0,0,0,0,0,0,0,0,0,0,0,0
6478194286,0,0,0,0,0,0,0,0,0,0,0,0,0,0,0,0,0
6478194287,0,0,0,0,0,0,0,0,0,0,0,0,0,0,0,0,0
6513551607,0,0,0,0,0,0,0,0,0,0,0,0,0,0,0,0,0
6513551611,0,0,0,0,0,0,0,0,0,0,0,0,0,0,0,0,0
6513551614,0,0,0,0,0,0,0,0,0,0,0,0,0,0,0,0,0
6513551616,0,0,0,0,0,0,0,0,0,0,0,0,0,0,0,0,0
6513658533,1,1,9,4,4,0,5,2,4,3,3,3,0,0,0,0,0
6531392925,0,2,7,6,3,1,4,2,2,6,2,4,0,0,0,0,0
6560059131,0,0,0,0,0,0,0,0,0,0,0,0,0,0,0,0,0
6560059138,2,1,9,5,3,0,5,2,4,3,3,3,0,0,0,0,0
6566890584,0,1,4,0,1,1,1,1,3,2,0,0,0,0,0,0,0
6567087755,0,0,0,0,0,0,0,0,0,0,0,0,0,0,0,0,0
6575118683,0,2,16,20,25,26,22,25,33,15,17,29,19,19,7,0,0
6656628406,0,0,0,0,0,0,0,0,0,0,0,0,0,0,0,0,0
6749296668,0,0,0,0,0,0,0,0,0,0,0,0,0,0,0,0,0
6802107177,0,0,0,0,0,0,0,0,0,0,0,0,0,0,0,0,0
6887861209,0,0,0,0,0,0,0,0,0,0,0,0,0,0,0,0,0
6887861210,0,0,0,0,0,0,0,0,0,0,0,0,0,0,0,0,0
6894381977,0,0,0,0,0,0,0,1,0,0,0,0,0,0,0,0,0
6894381978,0,0,0,0,0,0,0,1,0,0,0,0,0,0,0,0,0
6904781904,0,0,0,0,0,0,0,0,0,0,0,0,0,0,0,0,0
690498845#1-AddedOnRampNode,0,0,0,0,0,0,0,0,0,0,0,0,0,0,0,0,0
6905012676,0,0,0,0,0,0,0,0,0,0,0,0,0,0,0,0,0
693773358-AddedOffRampNode,0,0,0,0,0,0,0,0,0,0,0,0,0,0,0,0,0
693773359-AddedOffRampNode,0,0,0,0,0,0,0,0,0,0,0,0,0,0,0,0,0
6975777880,0,0,0,0,0,0,0,0,0,0,0,0,0,0,0,0,0
7087593294,0,0,0,0,0,0,0,0,1,0,0,0,0,0,0,0,0
7087593299,0,0,0,0,0,0,0,0,1,0,0,0,0,0,0,0,0
7108562620,2,0,0,2,2,4,2,1,1,3,3,3,1,0,0,0,0
7228148565,0,0,0,0,0,0,0,0,0,0,0,0,0,0,0,0,0
7228148568,0,0,0,0,0,0,0,0,0,0,0,0,0,0,0,0,0
7228151803,0,2,6,4,2,3,7,4,4,5,4,3,4,0,0,0,0
7257695671,0,0,0,0,0,0,0,0,0,0,0,0,0,0,0,0,0
7291626102,0,0,0,0,0,0,0,0,1,0,0,0,0,0,0,0,0
7413294129,0,0,0,0,0,0,0,0,0,0,0,0,0,0,0,0,0
774662249,0,0,7,25,11,31,21,20,40,19,17,21,21,24,16,0,0
774662368,0,0,0,0,0,0,0,0,0,0,0,0,0,0,0,0,0
774708675#1-AddedOnRampNode,0,3,6,4,4,3,8,6,4,6,4,4,5,0,0,0,0
7777467127,0,0,0,0,0,0,0,0,0,0,0,0,0,0,0,0,0
806309395,0,0,0,0,0,0,0,0,0,0,0,0,0,0,0,0,0
850751598,0,0,0,0,0,0,0,0,0,0,0,0,0,0,0,0,0
850854662,0,0,0,0,0,0,0,0,0,0,0,0,0,0,0,0,0
850854668,0,0,0,0,0,0,0,0,0,0,0,0,0,0,0,0,0
850854673,0,0,0,0,0,0,0,0,0,0,0,0,0,0,0,0,0
850854713,0,4,5,4,11,13,12,11,10,10,10,13,9,8,5,2,0
850854718,0,6,5,13,9,7,7,5,8,4,10,8,8,0,0,0,0
850854730,0,0,0,0,0,0,0,0,0,0,0,0,0,0,0,0,0
850854732,0,4,5,4,11,13,12,11,10,8,11,14,10,6,4,2,0
850854768,0,0,0,0,0,0,0,0,0,0,0,0,0,0,0,0,0
850854772,0,0,0,0,0,0,0,0,0,0,0,0,0,0,0,0,0
850854779,0,8,4,25,12,11,7,8,11,8,9,9,10,0,0,0,0
8589893702,0,0,0,0,0,0,0,0,0,0,0,0,0,0,0,0,0
8989801909,2,1,8,5,3,1,4,2,4,5,2,3,0,0,0,0,0
9189021145,3,3,2,0,1,2,1,0,1,2,1,0,0,0,0,0,0
9189042441,0,0,0,0,0,0,0,0,0,0,0,0,0,0,0,0,0
93032263#1-AddedOffRampNode,0,0,0,0,0,0,0,0,0,0,0,0,1,0,0,0,0
9357977576,0,3,2,2,2,2,4,6,3,5,1,3,2,0,0,0,0
9360650403,0,1,6,5,8,13,10,6,11,3,11,9,7,7,2,1,0
9362874580,0,0,0,0,0,0,0,0,0,0,0,0,0,0,0,0,0
9363763132,1,4,0,0,0,1,0,1,2,3,2,0,0,0,0,0,0
9366728814,1,4,0,0,0,1,0,1,2,3,2,0,0,0,0,0,0
9366728816,1,4,0,0,0,1,0,1,2,3,2,0,0,0,0,0,0
9366790018,1,4,1,2,3,2,5,3,4,3,0,1,0,0,0,0,0
954343294,0,1,2,1,0,1,1,1,1,3,3,0,0,0,0,0,0
966863997,0,0,0,0,0,0,0,0,0,0,0,0,0,0,0,0,0
9708417983,0,0,0,0,0,0,0,0,0,0,0,0,0,0,0,0,0
9708417984,0,0,0,0,0,0,0,0,0,0,0,0,0,0,0,0,0
9709501448,0,0,0,0,0,0,0,0,0,0,0,0,0,0,0,0,0
9759859727,0,0,0,0,0,0,0,0,0,0,0,0,0,0,0,0,0
9786116672,0,0,0,0,0,0,0,0,0,0,1,0,0,0,0,0,0
9786116673,0,0,0,0,0,0,0,0,0,0,1,1,0,0,0,0,0
9912087575,0,0,0,0,0,0,0,0,0,0,0,0,0,0,0,0,0
994603720,0,0,1,2,0,1,1,0,3,1,3,2,1,0,0,0,0
9965906099,0,0,0,0,0,0,0,0,1,0,0,0,0,0,0,0,0
9994154771,0,4,5,3,2,4,3,2,2,3,3,2,1,0,0,0,0
9994184874,0,0,0,0,0,0,0,0,0,0,0,0,0,0,0,0,0
9994184879,0,0,0,0,0,0,0,0,0,0,0,0,0,0,0,0,0
9994184884,0,1,0,0,0,1,1,2,1,1,0,1,1,0,0,0,0
9994345613,0,0,0,0,0,0,0,0,0,0,0,0,0,0,0,0,0
9994482183,0,0,0,0,0,0,0,0,0,0,0,0,0,0,0,0,0
9994578624,0,0,0,0,0,1,0,0,0,0,0,1,0,0,0,0,0
J0,0,0,0,0,0,0,0,0,0,0,0,0,0,0,0,0,0
J1,0,0,4,21,36,36,45,40,47,44,36,31,36,45,37,13,0
J10,0,0,0,0,0,0,0,0,0,0,0,0,0,0,0,0,0
J11,0,0,0,0,0,0,0,0,0,0,0,0,0,0,0,0,0
J12,0,0,0,0,0,0,0,0,0,0,0,0,0,0,0,0,0
J13,0,0,0,0,0,0,0,0,0,0,0,0,0,0,0,0,0
J14,0,0,1,18,10,9,13,13,14,14,8,6,13,14,6,1,0
J15,0,0,3,10,12,17,12,11,13,17,15,8,15,15,9,0,0
J16,0,0,0,0,0,0,0,0,0,0,0,0,0,0,0,0,0
J18,0,0,0,0,0,0,0,0,0,0,0,0,0,0,0,0,0
J2,3,3,7,12,19,15,10,6,6,19,15,15,13,12,5,0,0
J20,0,0,0,0,0,0,0,0,0,0,0,0,0,0,0,0,0
J3,0,0,5,9,8,17,20,20,16,15,14,18,19,12,11,6,2
J4,0,0,0,0,0,0,0,0,0,0,0,0,0,0,0,0,0
J5,0,0,0,0,0,0,0,0,0,0,0,0,0,0,0,0,0
J6,0,0,0,0,0,0,0,0,0,0,0,0,0,0,0,0,0
J7,0,0,0,0,0,0,0,0,0,0,0,0,0,0,0,0,0
J8,0,0,0,0,0,0,0,0,0,0,0,0,0,0,0,0,0
J9,0,0,0,0,0,0,0,0,0,0,0,0,0,0,0,0,0
VJ1_L,0,0,0,0,0,0,0,0,0,0,0,0,0,0,0,0,0
cluster10003390775_11843465409_11843465410_11866261014_#1more,0,0,0,0,0,0,0,0,0,0,0,0,0,0,0,0,0
cluster10003979590_9365267012,0,0,0,0,0,1,0,0,0,0,0,1,0,0,0,0,0
cluster10003979593_9360650405,0,1,6,5,7,13,9,4,11,3,10,10,7,6,2,1,0
cluster10028825432_463680897,1,0,1,2,1,1,0,1,0,0,0,0,0,0,0,0,0
cluster10691285605_10691285606_2084115326_3568752193_#3more,0,0,0,0,0,0,0,0,0,0,0,0,0,0,0,0,0
cluster10839591755_10839591756_10839591759_308231734,0,3,6,3,5,3,6,7,6,2,8,4,4,1,0,0,0
cluster10845425997_308081022,0,0,0,0,0,0,0,0,0,0,0,0,1,0,0,0,0
cluster1085546708_251361763,0,0,0,0,0,0,0,0,0,0,0,0,0,0,0,0,0
cluster1085547021_426935886,0,1,0,1,1,1,0,1,0,0,0,0,0,0,0,0,0
cluster11843465403_426941387,0,0,0,0,0,0,0,0,0,0,0,0,0,0,0,0,0
cluster11846990567_2446018847,0,2,2,2,0,2,0,2,0,2,2,1,3,1,0,0,0
cluster11847056871_2446018850,0,2,2,1,1,2,0,2,0,2,2,1,3,1,0,0,0
cluster11864823655_11864823656,0,0,0,0,0,0,0,0,0,0,0,0,0,0,0,0,0
cluster11886114678_308071900,1,4,1,2,3,2,5,2,4,2,0,1,0,0,0,0,0
cluster11888546687_11888546688,0,2,15,22,24,27,22,22,37,16,17,30,23,22,8,0,0
cluster11921336862_11921336863_cluster_308071911_419638231_610334163_610334165,0,1,8,28,23,32,28,33,40,24,20,23,25,28,15,0,0
cluster11921336864_11921336865_6033543935_6033543937,0,0,7,26,11,30,23,20,38,29,17,21,26,24,16,0,0
cluster11930220746_4617529072,0,0,0,0,0,0,0,0,0,0,0,0,0,0,0,0,0
cluster1645161060_3325533369,0,3,9,7,5,4,4,5,3,7,4,4,2,0,0,0,0
cluster1732229328_7104883916,0,4,5,5,11,15,12,10,10,9,12,13,10,9,4,1,0
cluster1952787446_1952787467_1952787491,0,4,6,4,3,4,7,6,4,6,5,4,4,0,0,0,0
cluster1952787469_1952787483,0,1,0,0,0,0,0,0,1,0,0,1,0,0,0,0,0
cluster2458999164_582566909,0,0,0,0,0,0,0,0,0,0,0,0,0,0,0,0,0
cluster2578344258_3826215089,0,0,0,0,0,0,0,0,0,0,0,0,0,0,0,0,0
cluster2703669951_3330368636,2,1,1,0,1,2,2,1,0,0,0,0,0,0,0,0,0
cluster3023900548_9570457941,0,0,0,0,0,0,0,0,0,0,0,0,0,0,0,0,0
cluster308074436_470223615#4-AddedOffRampNode,0,0,0,0,0,0,0,0,0,0,0,0,0,0,0,0,0
cluster308188550_6548820265,1,4,4,1,2,4,2,0,3,1,1,2,1,0,0,0,0
cluster308188640_6575119290,3,7,6,1,7,9,7,2,5,2,7,3,7,0,0,0,0
cluster308232359_cluster4844599843_cluster308232925_6575119285,2,10,10,7,11,17,8,7,10,9,9,8,9,1,0,0,0
cluster3387131010_cluster11836637098_1274789003#0-AddedOnRampNode,0,0,0,0,0,0,0,1,0,0,0,0,0,0,0,0,0
cluster3596808457_3596808458,0,0,0,0,0,0,0,0,0,0,0,0,0,0,0,0,0
cluster3676182396_cluster_11645479499_11645479500_11645479502_11645479503_#2more,0,13,12,32,24,24,21,24,22,17,24,27,25,8,5,2,0
cluster3832041162_4285700226,0,0,0,0,0,0,0,0,0,0,0,0,0,0,0,0,0
cluster426823706_6894234846,0,2,14,22,24,27,22,20,36,16,16,26,20,21,8,0,0
cluster582566911_6856463623,0,3,3,10,6,6,2,7,3,5,5,2,2,0,0,0,0
cluster582566938_582566943,0,3,8,12,7,4,4,7,3,6,5,2,2,0,0,0,0
cluster6864771384_cluster_10219547462_10219547463_10219547464_10219547465,0,3,3,5,1,3,4,1,1,1,4,8,4,0,0,0,0
cluster9197307509_9197307513,1,9,6,6,11,15,6,7,5,12,8,7,8,1,0,0,0
clusterJ16_J17,4,1,1,2,5,4,1,2,2,1,0,1,0,0,0,0,0
clusterJ4_J5_J6_J7_#2more,0,0,0,0,0,0,0,0,0,0,0,0,1,0,0,0,0
cluster_10003408194_10003408195_308231950,0,3,10,8,7,3,11,10,10,3,10,11,8,5,0,0,0
cluster_10003979589_10003979594_10003979595_10003979596,0,3,4,5,11,12,10,3,10,5,8,9,8,6,0,0,0
cluster_10023344711_10023344712,0,3,6,4,4,3,8,6,4,6,4,4,5,0,0,0,0
cluster_10023586232_374218451,0,2,4,2,1,1,4,3,2,0,4,5,1,3,0,0,0
cluster_10027832189_10175102591,0,0,0,0,0,0,0,0,0,0,0,0,0,0,0,0,0
cluster_10028688903_463393233,0,1,14,22,24,27,22,20,36,16,16,28,20,22,10,0,0
cluster_10028806213_426941412,1,0,0,1,1,1,0,1,0,0,0,0,0,0,0,0,0
cluster_10029134297_10029155061,0,6,5,1,4,1,5,3,6,5,3,1,1,0,0,0,0
cluster_10032974863_10032974893_1290073469,0,1,1,0,1,1,0,1,2,1,4,0,1,0,0,0,0
cluster_10038588806_10038588808,0,0,0,0,0,0,0,0,0,0,0,0,0,0,0,0,0
cluster_10038594258_447067271,0,0,0,0,0,0,0,0,0,0,0,0,0,0,0,0,0
cluster_10038613931_463393075,0,0,0,0,0,0,0,0,0,0,0,0,0,0,0,0,0
cluster_10038613984_10038613985_1562108712_463393385,0,7,3,2,1,1,6,0,4,6,0,0,1,0,0,0,0
cluster_10039209958_10039209959,0,0,0,0,0,0,0,0,0,0,0,0,0,0,0,0,0
cluster_10039389097_10039439757,0,0,0,0,0,0,0,0,0,0,0,0,0,0,0,0,0
cluster_10060562660_427593299,0,5,10,3,9,14,11,16,12,9,5,10,16,10,2,0,0
cluster_10060601911_10060601913,0,5,11,2,9,13,10,14,12,10,6,9,16,10,2,0,0
cluster_10079417458_10996482568,0,9,21,24,23,26,18,22,12,20,22,23,21,13,1,0,0
cluster_10094600855_10094600863,0,0,0,0,0,0,0,0,0,0,0,0,0,0,0,0,0
cluster_10094600860_10094600862,0,0,0,0,0,0,0,0,0,0,0,0,0,0,0,0,0
cluster_10094600890_9992132940_9992132941,0,0,0,0,0,0,0,0,0,0,0,0,0,0,0,0,0
cluster_10094600892_11850186735,0,0,0,0,0,0,0,0,0,0,0,0,0,0,0,0,0
cluster_10094600900_11850186734,0,0,0,0,0,0,0,0,0,0,0,0,0,0,0,0,0
cluster_10094600907_11850168373,0,0,0,0,0,0,0,0,0,0,0,0,0,0,0,0,0
cluster_10094600913_10994565402,0,0,0,0,0,0,0,0,0,0,0,0,0,0,0,0,0
cluster_10094610221_10241527086_10241527087_7146419474,0,0,0,0,0,0,0,0,0,0,0,0,0,0,0,0,0
cluster_10178470368_11888154701_11888154702_610333706,0,0,0,0,0,0,0,0,0,0,0,0,0,0,0,0,0
cluster_10178470372_599194969,0,0,0,0,0,0,0,0,0,0,0,0,0,0,0,0,0
cluster_10185538902_10185538906_463681862_6195721408,0,0,0,0,0,0,0,0,0,0,0,0,0,0,0,0,0
cluster_10241527088_374215791,0,0,0,0,0,0,0,0,0,0,0,0,0,0,0,0,0
cluster_10575900171_430043758_7235029651_7235029656,0,0,0,0,0,0,0,0,0,0,0,0,0,0,0,0,0
cluster_10684982315_10684982316_374217314_5392852814,0,2,3,2,1,1,4,4,1,0,5,4,2,2,0,0,0
cluster_10774694956_582575997,0,1,2,1,0,1,2,0,0,1,1,1,1,0,0,0,0
cluster_10781040659_4912560041,0,0,2,3,1,3,4,3,3,4,3,2,3,0,0,0,0
cluster_10839591749_10839591750_2448161794_431530204,0,0,0,0,0,0,0,0,0,0,0,0,0,0,0,0,0
cluster_10845330651_308185165,0,4,2,2,2,2,4,6,2,5,2,2,2,0,0,0,0
cluster_10848423306_446782731,1,9,2,2,3,1,6,3,5,6,3,0,1,0,0,0,0
cluster_10848479290_10848516312_430043666,0,0,0,0,0,0,0,0,0,0,0,0,0,0,0,0,0
cluster_10850753029_11893210616_295734675,0,3,0,1,4,3,5,2,1,3,4,3,3,2,0,0,0
cluster_10850753031_11898236317,0,3,0,1,3,4,5,2,1,3,4,3,3,2,0,0,0
cluster_1096956228_1096956298_11758026823_1623992454_#1more,0,0,0,0,0,0,0,0,0,0,0,0,0,0,0,0,0
cluster_10989100261_10989100269_11886471238_11886524571,0,0,0,0,0,0,0,0,0,0,0,0,0,0,0,0,0
cluster_11015247880_1852438602,0,2,2,2,0,2,0,2,0,2,2,1,4,0,0,0,0
cluster_11039672067_11039672068_11039672069_11843210612_#1more,0,0,0,0,0,0,0,0,1,0,0,0,0,0,0,0,0
cluster_1109138335_3919864572,0,0,1,2,0,2,3,1,3,2,3,2,1,0,0,0,0
cluster_1109138343_3919864571,0,0,1,2,0,2,3,1,3,2,3,2,1,0,0,0,0
cluster_11304834587_1578117098,0,0,3,4,3,4,3,2,3,5,0,1,4,4,0,0,0
cluster_11385564437_308184949,0,0,0,0,0,0,0,0,0,0,0,0,0,0,0,0,0
cluster_11385564442_11886471243_11886471244_308184951,0,0,0,0,0,0,0,0,0,0,0,0,0,0,0,0,0
cluster_11387570527_11919870608,2,2,1,0,5,5,4,2,1,2,5,0,6,0,0,0,0
cluster_11393378673_11393922262,0,6,11,2,10,15,11,14,13,10,6,9,16,10,2,0,0
cluster_11393423264_11393423267,2,0,4,5,2,0,4,2,1,3,1,3,0,0,0,0,0
cluster_11393438052_11393438053_308185135_9994349353,0,0,0,0,0,0,0,1,0,0,0,0,0,0,0,0,0
cluster_11393492176_427593181,0,0,0,0,0,0,0,0,0,0,0,0,0,0,0,0,0
cluster_11554362419_11554362420_11554362421_11893475835_#1more,0,5,7,24,16,11,8,12,10,10,13,12,16,0,0,0,0
cluster_11554370600_11554370601,0,2,5,4,3,4,6,5,4,6,3,4,4,0,0,0,0
cluster_11554370602_11554370603,0,3,6,4,4,4,7,6,4,6,4,4,4,0,0,0,0
cluster_11837025858_419638251,0,0,0,0,0,0,0,0,0,0,0,0,0,0,0,0,0
cluster_11849751727_11849751728_11849752273_529804687,0,7,9,16,12,18,16,17,11,16,14,18,14,8,6,2,0
cluster_11849752274_11849752275,0,5,10,14,13,14,17,19,11,15,14,19,12,7,6,2,0
cluster_11850185095_9992132932,0,0,0,0,0,0,0,0,0,0,0,0,0,0,0,0,0
cluster_11866509771_2260041584,0,1,0,0,0,1,0,0,0,1,2,0,0,0,0,0,0
cluster_11886114688_11886114689,0,0,0,0,0,0,0,0,0,0,0,0,0,0,0,0,0
cluster_11888304861_3758538863_9363763133,2,8,2,2,3,3,5,4,5,7,3,1,0,0,0,0,0
cluster_11930168081_7261229912,0,0,0,0,0,0,0,0,0,0,0,0,0,0,0,0,0
cluster_11932512961_308185159,0,1,0,0,0,0,1,1,0,2,0,0,1,0,0,0,0
cluster_1447805104_3919859801_4703663964_4912560047,0,0,2,3,1,4,3,4,3,4,3,2,3,0,0,0,0
cluster_1467779084_4824730261,0,0,0,0,0,0,0,0,0,0,0,0,0,0,0,0,0
cluster_1522861740_4912560039,0,0,2,3,1,3,4,3,3,4,3,2,3,0,0,0,0
cluster_1551655337_446860605,0,0,0,0,0,0,0,0,0,0,0,0,0,0,0,0,0
cluster_1837595336_3676182361_7280461394_7280461395,0,4,9,16,7,14,17,15,11,12,12,13,14,8,7,2,1
cluster_1837777614_3676182359,0,1,7,14,6,12,16,15,12,11,12,11,13,8,7,1,1
cluster_2248663282_2448161778_2448161781,0,0,0,0,0,0,0,0,0,0,0,0,0,0,0,0,0
cluster_2260035640_7489227290,1,13,13,9,15,16,9,11,10,18,12,8,9,1,0,0,0
cluster_2703669937_3330368625_3820095230,0,0,0,0,0,0,0,0,0,0,0,0,0,0,0,0,0
cluster_308074193_419638217,0,0,0,0,0,0,0,1,0,0,0,0,0,0,0,0,0
cluster_308231934_445327672,0,1,8,8,5,6,8,9,11,3,10,10,6,6,1,0,0
cluster_3676182371_430043662,0,4,10,16,15,14,16,21,12,16,12,20,15,9,6,2,0
cluster_3818330882_427594202,0,0,0,0,0,0,0,0,1,0,0,0,0,0,0,0,0
cluster_3919859796_446812245,0,0,0,0,0,0,0,0,0,0,0,0,0,0,0,0,0
cluster_3919864562_447072640,0,0,1,2,1,2,3,1,4,2,4,1,1,0,0,0,0
cluster_3919864573_446860599,0,1,2,3,1,4,3,4,3,3,3,3,3,0,0,0,0
cluster_4108381704_463680883,0,0,0,0,0,0,0,0,0,0,0,0,0,0,0,0,0
cluster_426841160_4912560029,0,0,2,3,1,3,4,2,4,4,3,2,3,0,0,0,0
cluster_430043668_5396225498,0,4,10,15,15,16,17,19,11,16,13,17,15,9,7,2,0
cluster_446860602_4912560032,0,0,2,3,1,3,4,2,4,4,3,2,3,0,0,0,0
cluster_4491755969_6195721385_9525090833,0,0,0,0,0,0,0,0,0,0,0,0,0,0,0,0,0
cluster_465232495_6457608221_6949633168_6949633169,0,1,7,14,6,13,15,15,13,11,12,13,13,8,8,1,1
cluster_4912560025_5274915539,1,12,34,29,42,40,39,41,40,37,30,37,33,23,6,0,0
cluster_4912560035_618529073,0,0,2,3,1,3,4,3,4,4,3,2,3,0,0,0,0
cluster_582576000_7235029652,0,0,0,0,0,0,0,0,0,0,0,0,0,0,0,0,0
cluster_6152743482_6152743483,0,5,11,15,13,13,17,21,11,15,14,20,12,7,6,2,0
cluster_6904550862_6904550867,0,3,7,3,6,4,6,6,8,2,8,5,5,1,0,0,0
clustercluster11886201284_446784265_cluster_11886298793_11886298794_463392969_6877441724,0,1,12,27,24,28,30,26,36,23,16,30,23,26,12,0,0
