timestep,mean,median,mode
T1,40.05,42.5,43
T2,39.75,39.5,45
T3,39.35,38.0,38
T4,38.2,38.0,41
T5,39.25,38.5,36
T6,39.95,41.0,42
T7,39.35,39.5,42
T8,40.7,41.5,42
T9,39.1,38.0,36
T10,41.55,40.5,47
T11,40.85,41.5,45
T12,38.2,39.0,39
T13,38.65,37.5,42
T14,40.4,39.0,39
T15,42.7,43.0,45
T16,40.2,40.0,38
T17,35.9,35.5,36
T18,41.3,41.5,39
T19,40.55,41.5,43
T20,39.95,40.5,37
T21,38.5,37.5,37
T22,39.15,38.0,37
T23,38.75,38.5,41
T24,39.85,40.0,40
T25,40.65,41.0,45
T26,42.15,42.5,42
T27,39.05,39.0,35
T28,41.3,42.5,43
T29,41.35,41.5,40
T30,39.85,39.5,37
T31,38.55,37.5,37
T32,41.45,41.5,46
T33,41.35,40.0,40
T34,41.8,41.5,47
T35,38.55,37.5,36
T36,41.85,42.5,43
T37,40.15,41.5,42
T38,40.05,40.0,46
T39,40.2,39.5,42
T40,42.55,42.0,40
T41,40.5,39.5,42
T42,38.65,39.5,42
T43,39.6,38.5,37
T44,40.0,40.5,44
T45,41.05,41.5,42
T46,40.65,40.5,40
T47,39.0,40.0,42
T48,40.3,39.5,39
T49,40.0,41.0,44
T50,39.5,39.0,42
T51,40.25,40.0,45
T52,40.4,40.5,40
T53,37.2,37.5,38
T54,41.0,40.0,37
T55,41.2,40.5,45
T56,39.9,40.0,41
T57,39.9,39.0,39
T58,41.0,40.0,40
T59,39.2,39.0,43
T60,42.15,41.0,37
T61,41.25,40.5,40
T62,39.9,40.5,39
T63,41.0,43.0,43
T64,41.0,41.0,41
T65,40.0,40.5,42
T66,40.25,39.5,39
T67,39.8,40.0,40
T68,40.3,40.0,46
T69,41.5,42.0,46
T70,42.95,43.5,44
T71,40.25,40.5,42
T72,42.35,42.0,42
T73,43.2,42.5,41
T74,45.2,44.0,46
T75,43.45,43.0,49
T76,42.55,42.5,39
T77,44.7,44.0,42
T78,45.75,46.5,47
T79,46.7,46.5,44
T80,46.75,47.0,48
T81,47.0,47.5,51
T82,48.0,49.0,47
T83,48.85,48.0,46
T84,48.8,48.0,54
T85,50.5,51.0,51
T86,53.25,54.5,49
T87,54.15,55.0,55
T88,55.55,56.5,59
T89,57.6,57.5,57
T90,57.25,58.0,58
T91,58.85,57.5,55
T92,63.3,64.0,64
T93,62.75,62.5,64
T94,64.05,64.0,66
T95,66.2,66.0,63
T96,69.75,68.5,67
T97,108.55,104.5,109
T98,121.9,123.5,128
T99,129.15,127.5,154
T100,136.7,133.5,111
T101,153.2,161.0,113
T102,156.2,162.5,235
T103,166.75,169.5,218
T104,166.55,157.0,181
T105,164.8,178.0,179
T106,161.85,156.5,97
T107,177.4,183.0,170
T108,178.1,179.0,174
T109,180.45,184.0,181
T110,191.4,207.5,174
T111,186.8,184.5,179
T112,188.8,201.0,190
T113,197.25,188.0,193
T114,197.8,197.5,336
T115,207.2,198.5,258
T116,222.4,204.0,124
T117,213.4,203.0,213
T118,211.25,208.5,124
T119,225.8,230.5,226
T120,217.95,218.5,230
T121,215.95,214.0,206
T122,208.1,212.0,209
T123,203.25,209.0,135
T124,206.05,200.5,141
T125,206.0,203.5,203
T126,197.15,188.0,189
T127,200.2,190.0,168
T128,191.2,185.5,307
T129,194.25,188.5,175
T130,194.25,191.0,178
T131,183.95,190.5,205
T132,191.25,183.0,178
T133,52.0,52.5,49
T134,50.15,50.0,49
T135,48.85,50.0,47
T136,48.0,49.0,50
T137,47.45,47.0,48
T138,45.8,45.0,45
T139,46.1,45.5,40
T140,46.7,47.5,48
T141,42.6,42.5,44
T142,43.5,44.5,46
T143,42.8,42.0,44
T144,42.3,41.0,37
T145,41.85,42.5,42
T146,42.25,43.0,43
T147,42.2,40.5,39
T148,40.55,41.0,45
T149,38.75,38.5,40
T150,41.35,41.5,38
T151,40.05,40.0,42
T152,39.45,40.0,43
T153,41.6,38.5,37
T154,39.95,39.5,37
T155,41.3,41.0,41
T156,41.45,40.5,35
T157,40.1,39.0,38
T158,41.0,40.5,40
T159,40.6,40.0,40
T160,41.15,42.0,42
T161,40.8,40.5,39
T162,40.65,40.5,37
T163,42.05,42.0,42
T164,37.7,37.5,38
T165,39.7,40.5,43
T166,41.3,40.5,45
T167,41.3,42.0,42
T168,39.65,40.0,34
T169,40.8,41.5,42
T170,38.15,39.0,33
T171,39.0,39.5,38
T172,39.4,39.0,39
T173,40.65,39.0,37
T174,40.55,42.0,42
T175,39.15,40.0,40
T176,42.7,43.0,42
T177,41.75,44.0,33
T178,41.85,43.0,44
T179,41.8,41.0,41
T180,40.45,40.5,41
T181,43.55,44.5,46
T182,44.6,43.5,42
T183,43.5,43.5,43
T184,43.25,44.0,44
T185,45.0,44.5,44
T186,45.05,44.0,43
T187,46.85,47.5,40
T188,44.6,44.5,52
T189,47.15,47.5,43
T190,46.7,47.5,49
T191,48.05,47.5,46
T192,48.9,48.0,44
T193,49.5,50.0,50
T194,53.45,53.0,55
T195,54.2,53.5,52
T196,55.9,57.5,59
T197,55.6,55.0,55
T198,58.6,57.5,57
T199,60.0,60.5,60
T200,62.25,61.0,61
T201,62.0,63.5,64
T202,64.75,66.5,70
T203,66.9,66.0,66
T204,67.3,66.5,66
T205,150.9,133.5,133
T206,154.8,131.5,163
T207,147.75,132.0,132
T208,158.95,144.0,144
T209,158.85,151.0,160
T210,164.95,150.0,140
T211,170.0,151.5,79
T212,163.15,144.0,152
T213,163.55,157.5,113
T214,167.6,144.0,150
T215,167.0,147.5,172
T216,171.3,144.0,140
T217,160.3,144.0,160
T218,168.05,153.0,146
T219,174.15,162.0,161
T220,175.95,167.5,179
T221,179.7,175.5,178
T222,175.2,154.5,155
T223,177.6,155.0,104
T224,172.75,151.0,148
T225,179.35,168.0,173
T226,177.15,141.0,120
T227,183.25,162.5,153
T228,177.8,165.5,172
T229,168.1,140.5,116
T230,167.75,160.0,166
T231,168.6,150.5,121
T232,162.95,132.5,128
T233,160.55,156.0,174
T234,157.4,139.0,154
T235,158.65,145.5,158
T236,160.35,137.0,152
T237,162.5,147.5,79
T238,160.65,134.0,152
T239,160.15,137.0,141
T240,163.25,142.0,153
T241,51.9,51.5,50
T242,49.85,48.5,47
T243,50.05,51.0,52
T244,48.85,48.5,48
T245,48.0,48.0,43
T246,47.05,46.5,45
T247,45.35,46.0,46
T248,45.45,45.0,41
T249,41.85,41.5,42
T250,43.05,43.0,48
T251,43.1,42.5,40
T252,43.8,44.0,42
T253,41.7,41.5,41
T254,43.45,44.5,51
T255,41.65,41.0,47
T256,42.5,43.0,44
T257,40.7,40.5,40
T258,40.15,40.0,40
T259,40.85,40.5,41
T260,40.0,40.5,48
T261,38.95,39.5,43
T262,39.85,40.5,45
T263,40.15,41.0,41
T264,38.55,37.0,34
T265,39.15,38.0,38
T266,41.5,40.5,48
T267,40.7,41.0,41
T268,40.85,41.0,43
T269,40.0,40.0,40
T270,39.2,39.0,40
T271,38.9,39.0,44
T272,39.7,41.0,42
T273,39.65,40.0,43
T274,39.7,39.5,36
T275,42.2,43.0,48
T276,40.35,39.0,37
T277,38.55,39.0,37
T278,41.65,41.5,40
T279,40.6,40.5,38
T280,37.65,39.0,40
T281,40.45,40.0,43
T282,38.05,37.5,35
T283,37.05,37.0,37
T284,39.7,40.0,40
T285,39.75,39.5,39
T286,40.65,40.5,39
T287,38.75,38.5,38
T288,41.2,41.0,43
T289,39.6,39.5,42
T290,37.95,38.0,42
T291,41.95,42.0,45
T292,40.35,40.0,35
T293,39.85,40.0,37
T294,41.3,41.5,35
T295,39.6,40.5,37
T296,39.7,42.0,43
T297,39.35,39.0,36
T298,40.35,40.0,39
T299,38.8,39.5,40
T300,39.1,39.0,39
T301,40.2,41.0,45
T302,40.5,40.0,38
T303,40.1,40.0,40
T304,40.9,41.5,39
T305,38.95,38.5,33
T306,42.1,42.5,37
T307,41.4,42.0,44
T308,38.85,40.0,41
T309,39.6,39.0,42
T310,39.85,40.5,42
T311,39.05,38.5,34
T312,38.6,39.0,37
T313,40.9,42.0,42
T314,39.1,38.5,37
T315,39.5,40.0,40
T316,39.4,38.0,35
T317,41.1,40.5,40
T318,40.15,40.5,45
T319,41.15,41.0,39
T320,39.25,38.5,37
T321,41.0,41.5,37
T322,38.7,39.5,40
T323,40.65,40.0,42
T324,39.6,40.0,37
T325,41.2,41.0,45
T326,40.25,39.0,41
T327,39.45,40.0,39
T328,38.65,37.5,36
T329,39.25,39.0,42
T330,37.65,38.0,42
T331,39.15,39.5,41
T332,41.25,41.0,42
T333,40.6,41.5,43
T334,38.0,37.5,36
T335,42.65,43.0,44
T336,40.6,41.0,41
T337,37.7,38.0,42
T338,41.9,42.5,42
T339,39.7,40.5,42
T340,40.3,41.0,42
T341,40.75,41.0,37
T342,38.7,39.0,37
T343,40.6,41.0,40
T344,40.25,40.5,41
T345,39.3,39.5,44
T346,41.9,41.5,51
T347,40.45,42.0,35
T348,39.8,41.0,42
T349,39.1,39.0,40
T350,40.95,39.5,48
T351,41.1,41.5,45
T352,40.7,41.0,44
T353,39.95,40.0,32
T354,42.25,42.5,43
T355,39.1,39.0,39
T356,42.4,42.0,42
T357,40.0,40.0,38
T358,42.1,41.5,39
T359,41.8,41.5,39
T360,41.7,42.0,42
T361,44.1,44.0,44
T362,42.7,42.0,42
T363,42.65,41.5,41
T364,42.1,43.5,46
T365,42.0,41.5,39
T366,42.35,43.0,45
T367,45.1,45.0,47
T368,48.45,49.0,43
T369,45.25,44.5,44
T370,46.4,49.0,52
T371,49.35,50.0,51
T372,50.9,52.0,52
T373,51.5,52.5,54
T374,52.55,52.0,52
T375,53.1,52.0,50
T376,53.6,53.0,53
T377,54.95,54.5,54
T378,57.2,56.5,61
T379,60.7,60.0,60
T380,61.1,61.0,58
T381,64.75,65.5,64
T382,63.25,64.5,65
T383,63.0,63.0,64
T384,65.55,65.5,71
T385,120.7,111.0,111
T386,123.3,120.5,120
T387,137.25,137.5,194
T388,148.95,152.5,103
T389,164.45,173.0,204
T390,171.8,175.0,233
T391,177.45,180.5,230
T392,175.25,168.0,180
T393,169.0,174.0,197
T394,179.45,176.0,176
T395,184.5,188.0,227
T396,186.2,185.5,181
T397,202.45,195.0,202
T398,196.4,195.0,200
T399,183.3,175.0,174
T400,200.15,188.5,182
T401,200.95,193.5,198
T402,203.15,187.0,183
T403,214.0,223.5,309
T404,215.5,207.5,264
T405,215.8,216.5,208
T406,207.45,213.0,132
T407,215.65,220.5,135
T408,220.4,224.5,227
T409,210.7,209.0,238
T410,200.4,197.0,102
T411,207.7,194.5,194
T412,201.35,192.0,113
T413,203.9,195.0,191
T414,201.4,175.5,153
T415,202.4,174.5,161
T416,201.7,195.0,139
T417,193.95,190.0,190
T418,191.85,185.0,239
T419,186.5,177.5,167
T420,189.1,185.5,171
T421,51.75,52.0,52
T422,48.7,47.5,47
T423,48.7,49.0,43
T424,48.7,49.5,42
T425,49.55,50.5,45
T426,48.95,49.0,45
T427,45.6,45.0,45
T428,44.4,44.0,41
T429,45.05,45.0,49
T430,45.05,46.0,46
T431,43.45,44.5,37
T432,41.85,42.0,43
T433,42.2,43.0,43
T434,42.0,41.0,44
T435,40.55,41.5,42
T436,41.7,41.0,41
T437,40.1,40.5,43
T438,39.8,40.0,43
T439,40.0,40.5,41
T440,41.0,40.0,40
T441,40.15,40.5,42
T442,40.95,41.0,33
T443,41.35,42.0,44
T444,39.4,39.5,40
T445,41.35,42.0,37
T446,39.2,40.0,40
T447,41.65,41.0,40
T448,38.4,40.0,43
T449,40.95,41.5,42
T450,40.25,41.0,44
T451,39.1,40.5,41
T452,39.75,40.0,36
T453,40.0,39.5,38
T454,39.9,39.5,39
T455,40.65,41.5,38
T456,39.5,40.0,40
T457,39.8,39.0,31
T458,42.4,43.0,42
T459,38.4,37.5,37
T460,38.4,38.5,44
T461,40.2,41.0,41
T462,42.4,43.0,44
T463,39.5,39.0,43
T464,42.15,42.5,40
T465,41.75,42.0,42
T466,42.2,42.0,44
T467,41.3,40.0,38
T468,43.45,43.5,43
T469,41.25,40.5,36
T470,43.1,43.5,45
T471,42.55,42.0,40
T472,43.55,43.0,40
T473,43.35,42.0,39
T474,45.7,46.5,41
T475,44.45,44.5,48
T476,46.95,47.5,44
T477,44.4,42.5,42
T478,47.1,48.0,48
T479,48.65,48.0,52
T480,50.75,50.5,51
T481,50.55,51.0,52
T482,53.0,53.0,57
T483,53.0,53.5,43
T484,53.9,54.0,54
T485,54.95,54.5,54
T486,56.6,55.5,53
T487,61.25,62.0,65
T488,59.0,60.0,64
T489,62.05,60.5,65
T490,63.75,64.0,67
T491,65.25,65.0,64
T492,67.65,68.0,70
T493,168.4,156.5,153
T494,171.4,152.5,138
T495,170.3,164.0,180
T496,177.1,168.0,133
T497,173.5,158.0,145
T498,161.55,142.0,166
T499,174.9,153.0,158
T500,177.65,164.5,161
T501,174.8,155.0,145
T502,175.15,160.5,106
T503,173.25,159.0,188
T504,183.35,160.0,159
T505,172.35,167.0,122
T506,172.75,150.0,130
T507,183.0,167.5,163
T508,182.25,183.5,184
T509,192.35,180.5,194
T510,187.2,176.0,189
T511,182.45,158.5,160
T512,175.95,159.0,140
T513,167.95,159.0,103
T514,178.35,173.5,177
T515,174.7,151.5,92
T516,166.3,161.0,163
T517,168.5,161.0,102
T518,165.55,169.0,178
T519,164.45,173.5,184
T520,162.55,155.0,168
T521,175.95,153.5,149
T522,173.15,160.5,172
T523,160.55,151.0,160
T524,165.6,154.5,193
T525,163.2,149.5,147
T526,165.8,140.0,187
T527,160.5,135.0,165
T528,158.75,143.0,161
T529,50.2,51.5,53
T530,50.4,50.0,50
T531,48.2,50.0,50
T532,49.3,50.0,50
T533,46.45,46.5,43
T534,46.05,45.5,43
T535,44.6,45.5,42
T536,44.55,44.0,43
T537,44.2,44.0,44
T538,44.25,43.5,42
T539,43.4,42.5,42
T540,41.2,41.0,41
T541,42.9,43.0,43
T542,42.85,43.0,42
T543,42.4,41.5,41
T544,40.3,41.5,40
T545,40.25,38.5,38
T546,41.45,42.0,42
T547,39.85,40.0,43
T548,41.15,41.5,42
T549,42.75,43.0,45
T550,41.3,42.0,46
T551,37.8,36.0,36
T552,41.4,41.0,41
T553,41.55,42.5,43
T554,38.45,38.5,40
T555,39.95,40.0,43
T556,38.35,38.0,39
T557,41.95,42.0,42
T558,39.9,40.0,42
T559,40.8,42.0,38
T560,40.2,38.5,37
T561,43.05,42.0,39
T562,38.85,40.5,41
T563,38.6,39.5,42
T564,40.15,40.5,38
T565,40.15,40.5,41
T566,40.2,38.0,36
T567,41.75,41.0,40
T568,40.2,40.0,40
T569,40.95,42.5,43
T570,40.4,40.5,39
T571,41.2,42.5,43
T572,40.85,40.5,45
T573,38.6,39.5,40
T574,43.1,42.0,41
T575,40.35,38.5,36
T576,38.55,38.5,42
T577,40.4,39.5,40
T578,39.1,40.0,46
T579,39.55,39.5,39
T580,40.15,40.0,39
T581,39.25,38.5,36
T582,40.5,41.5,38
T583,39.25,39.5,39
T584,37.25,38.0,42
T585,40.95,41.0,43
T586,40.1,40.0,38
T587,39.6,39.0,36
T588,39.75,39.0,38
T589,41.3,41.0,41
T590,41.65,42.5,43
T591,40.4,40.0,39
T592,40.35,41.0,37
T593,38.8,40.5,42
T594,37.95,37.5,35
T595,39.5,39.5,43
T596,41.45,41.0,41
T597,39.8,40.0,38
T598,40.65,41.0,39
T599,40.15,39.0,39
T600,38.95,40.5,40
T601,40.8,40.0,41
T602,38.9,38.0,38
T603,41.3,40.0,40
T604,40.05,40.0,38
T605,39.85,40.5,42
T606,39.15,39.5,35
T607,40.05,39.5,39
T608,38.25,38.5,41
T609,39.65,39.5,37
T610,40.95,39.5,38
T611,42.65,42.0,40
T612,40.45,40.5,36
T613,39.9,41.0,36
T614,41.4,40.0,47
T615,39.85,39.0,37
T616,39.45,39.5,42
T617,39.1,39.0,39
T618,40.45,41.0,42
T619,39.55,39.5,40
T620,39.6,40.5,42
T621,43.55,43.5,41
T622,39.9,38.0,35
T623,39.65,38.5,37
T624,36.95,38.0,38
T625,41.25,42.5,44
T626,41.35,41.0,41
T627,41.75,43.5,44
T628,38.35,38.0,42
T629,40.7,42.0,46
T630,40.35,40.5,45
T631,39.65,40.0,41
T632,39.25,40.0,40
T633,37.0,38.0,45
T634,40.0,39.5,36
T635,40.15,41.0,41
T636,39.3,38.5,35
T637,40.7,40.5,37
T638,40.15,40.5,40
T639,42.75,43.5,46
T640,42.5,42.0,42
T641,43.7,44.5,45
T642,41.05,39.5,39
T643,39.9,39.5,44
T644,41.0,40.0,42
T645,39.85,39.5,42
T646,42.75,43.0,46
T647,40.75,40.0,46
T648,40.45,41.0,36
T649,40.45,41.0,38
T650,43.4,43.0,43
T651,44.8,46.5,47
T652,42.9,43.0,45
T653,45.25,45.0,48
T654,46.6,47.5,49
T655,45.2,46.0,46
T656,45.9,45.0,45
T657,47.35,47.5,44
T658,49.9,49.5,48
T659,46.05,46.0,47
T660,50.85,51.0,51
T661,50.55,49.0,49
T662,51.85,53.0,55
T663,53.1,53.5,58
T664,55.0,53.5,53
T665,56.0,55.5,61
T666,58.3,57.0,56
T667,59.1,60.0,64
T668,61.65,61.5,58
T669,63.1,62.0,62
T670,64.2,64.5,67
T671,67.2,68.0,70
T672,67.45,68.0,68
T673,112.5,99.0,117
T674,123.8,119.5,17
T675,126.7,114.5,77
T676,135.95,129.0,22
T677,144.1,141.5,21
T678,155.05,172.5,122
T679,164.15,166.5,41
T680,171.3,159.0,47
T681,164.4,144.0,50
T682,171.85,153.5,45
T683,167.5,151.0,33
T684,175.7,150.5,36
T685,176.05,156.0,191
T686,174.6,149.0,30
T687,181.65,158.5,171
T688,181.4,173.5,21
T689,186.55,156.5,26
T690,199.3,166.5,29
T691,200.9,159.0,40
T692,203.7,170.5,212
T693,209.7,169.5,155
T694,200.4,165.0,34
T695,202.35,179.0,28
T696,199.5,184.0,39
T697,204.9,172.5,31
T698,196.05,158.5,32
T699,188.75,164.0,154
T700,196.0,162.0,37
T701,193.05,153.0,31
T702,181.95,146.0,146
T703,187.2,157.5,33
T704,184.85,152.5,36
T705,186.7,150.0,150
T706,178.95,165.0,179
T707,181.85,164.5,28
T708,176.55,153.5,27
T709,51.85,52.0,52
T710,50.1,49.5,55
T711,48.6,48.0,45
T712,49.65,50.0,53
T713,47.4,46.0,46
T714,47.25,48.0,48
T715,45.5,46.0,46
T716,44.2,45.5,46
T717,44.65,45.5,46
T718,44.25,44.0,46
T719,43.4,41.5,41
T720,42.55,41.5,41
T721,40.6,41.0,39
T722,42.85,42.5,46
T723,43.4,43.5,41
T724,40.8,41.0,42
T725,39.65,40.5,42
T726,40.3,41.0,41
T727,41.95,42.5,41
T728,40.2,41.0,43
T729,40.3,41.0,41
T730,40.95,40.0,36
T731,41.5,40.5,49
T732,38.95,38.5,37
T733,39.75,39.5,39
T734,41.1,41.0,41
T735,38.9,38.5,33
T736,39.7,40.5,43
T737,40.4,41.0,43
T738,39.5,39.0,37
T739,39.95,38.5,44
T740,40.25,41.5,46
T741,40.0,39.5,38
T742,40.7,41.5,43
T743,37.65,38.5,40
T744,39.6,40.0,35
T745,40.85,39.5,38
T746,38.5,40.0,40
T747,38.6,38.0,38
T748,41.2,41.0,41
T749,40.6,40.5,49
T750,40.45,41.0,44
T751,42.45,42.0,42
T752,40.5,40.5,42
T753,42.35,43.0,43
T754,42.95,42.5,42
T755,42.75,41.5,36
T756,40.25,40.0,40
T757,41.2,40.5,43
T758,41.0,41.0,41
T759,45.4,45.0,48
T760,44.15,44.0,42
T761,42.85,42.0,42
T762,45.7,47.0,48
T763,45.4,45.0,47
T764,46.45,46.0,42
T765,46.5,47.0,48
T766,48.5,49.0,49
T767,49.5,49.0,46
T768,50.4,49.5,57
T769,50.75,51.0,47
T770,52.25,52.0,51
T771,54.3,54.5,55
T772,54.15,54.0,54
T773,56.75,56.0,55
T774,57.85,59.5,60
T775,63.45,64.5,68
T776,60.15,59.0,58
T777,62.9,62.5,59
T778,62.75,62.5,62
T779,64.1,64.0,64
T780,65.35,65.5,66
T781,150.6,139.0,163
T782,154.2,122.5,90
T783,157.2,133.0,21
T784,154.8,129.5,23
T785,152.65,129.0,24
T786,155.85,129.0,26
T787,158.5,138.5,114
T788,161.5,145.0,24
T789,159.1,140.5,86
T790,165.05,143.0,157
T791,168.65,150.0,177
T792,158.8,128.0,21
T793,151.9,120.0,24
T794,163.15,142.5,30
T795,165.6,144.5,163
T796,171.5,138.5,30
T797,152.7,127.0,19
T798,148.9,132.0,162
T799,153.65,128.0,163
T800,163.25,128.0,27
T801,158.45,131.5,178
T802,156.55,127.5,23
T803,159.3,131.0,27
T804,156.55,134.0,24
T805,158.75,133.5,28
T806,157.35,133.5,113
T807,162.1,140.0,24
T808,166.4,147.0,98
T809,170.35,143.0,26
T810,168.85,148.0,25
T811,163.85,147.5,20
T812,169.0,136.0,81
T813,165.35,137.0,20
T814,157.05,136.5,21
T815,162.75,116.5,29
T816,158.8,124.5,29
T817,53.3,53.0,58
T818,49.6,49.0,45
T819,49.9,49.0,51
T820,46.3,46.0,43
T821,46.25,46.0,44
T822,46.3,46.5,47
T823,46.15,46.5,47
T824,47.05,47.0,45
T825,42.35,43.0,43
T826,44.5,44.0,37
T827,44.6,44.5,45
T828,43.1,44.5,47
T829,42.5,43.5,42
T830,43.45,43.0,37
T831,42.45,43.0,47
T832,42.3,42.0,42
T833,41.1,41.0,41
T834,40.25,40.0,39
T835,39.8,39.5,37
T836,41.25,42.0,38
T837,42.4,42.5,39
T838,39.25,41.0,42
T839,40.25,40.5,34
T840,39.8,41.0,46
T841,40.85,40.0,40
T842,41.45,41.0,40
T843,42.75,43.5,45
T844,39.45,39.0,38
T845,40.75,40.5,38
T846,37.9,37.0,36
T847,41.85,42.0,43
T848,38.85,39.0,39
T849,39.9,41.0,44
T850,41.65,41.0,40
T851,38.35,38.5,40
T852,39.75,40.0,44
T853,38.9,38.5,37
T854,41.55,41.0,40
T855,38.8,38.0,37
T856,39.7,40.0,41
T857,41.05,41.5,42
T858,40.55,41.0,32
T859,39.65,40.0,30
T860,38.85,38.5,40
T861,38.85,38.5,41
T862,39.65,40.5,35
T863,39.6,38.5,38
T864,38.6,38.0,38
T865,40.25,38.0,38
T866,38.35,39.0,41
T867,41.2,40.5,38
T868,41.45,41.5,36
T869,41.1,41.5,48
T870,41.3,41.0,41
T871,39.2,40.0,40
T872,40.3,40.0,40
T873,39.0,39.5,42
T874,39.5,39.5,43
T875,38.7,39.0,45
T876,39.8,40.0,40
T877,38.7,40.0,33
T878,40.05,41.0,41
T879,40.45,42.0,42
T880,39.75,40.0,38
T881,39.0,38.5,40
T882,39.75,40.5,43
T883,40.0,39.5,41
T884,38.9,40.0,40
T885,39.95,40.5,46
T886,40.65,40.5,37
T887,38.95,39.0,39
T888,38.85,38.5,40
T889,40.2,40.0,40
T890,42.0,43.0,47
T891,41.1,42.0,43
T892,41.7,42.0,46
T893,40.8,40.0,40
T894,39.05,38.0,38
T895,39.15,39.5,40
T896,39.45,39.5,38
T897,37.45,36.5,43
T898,40.85,40.0,37
T899,42.85,42.5,41
T900,39.65,39.0,43
T901,40.45,40.0,37
T902,38.4,38.5,39
T903,39.85,39.0,35
T904,39.0,38.0,38
T905,39.0,39.0,37
T906,38.8,38.0,37
T907,40.2,39.0,38
T908,41.2,40.0,40
T909,41.05,41.0,36
T910,41.2,41.5,40
T911,38.45,38.5,39
T912,40.35,41.0,45
T913,39.35,40.0,40
T914,37.7,38.0,40
T915,40.4,42.0,41
T916,38.35,39.5,40
T917,38.15,38.0,39
T918,38.85,38.0,37
T919,40.15,39.0,39
T920,40.1,40.0,37
T921,39.95,40.5,34
T922,40.1,40.0,41
T923,39.55,39.0,42
T924,40.1,40.0,39
T925,41.85,40.5,39
T926,40.75,40.0,39
T927,42.6,43.0,46
T928,41.5,41.5,41
T929,40.1,39.0,39
T930,39.3,39.5,33
T931,42.75,43.5,45
T932,41.95,40.5,36
T933,38.5,38.0,41
T934,41.65,42.5,44
T935,39.45,38.5,44
T936,42.0,42.5,40
T937,39.7,39.5,41
T938,42.05,42.5,40
T939,43.65,44.0,44
T940,44.5,44.5,48
T941,44.55,45.0,45
T942,44.1,44.0,44
T943,44.65,43.0,43
T944,44.25,45.5,45
T945,47.45,47.0,47
T946,47.05,47.5,50
T947,48.8,48.5,45
T948,49.05,48.5,48
T949,49.7,48.5,48
T950,52.25,53.0,54
T951,52.25,53.0,53
T952,56.65,56.5,61
T953,56.9,57.0,60
T954,60.15,61.0,63
T955,58.8,58.5,58
T956,61.9,62.5,64
T957,62.7,63.0,63
T958,64.6,64.0,63
T959,66.0,66.5,64
T960,66.65,66.0,64
T961,111.4,105.0,71
T962,123.75,119.0,119
T963,133.2,128.0,172
T964,146.65,146.5,106
T965,158.2,156.0,211
T966,160.05,157.0,195
T967,163.65,169.0,197
T968,167.8,170.5,130
T969,172.35,178.0,270
T970,179.85,164.5,164
T971,187.9,193.5,199
T972,186.8,181.0,184
T973,185.8,184.5,183
T974,189.25,190.5,154
T975,190.0,202.0,221
T976,195.6,189.5,208
T977,206.45,191.5,190
T978,207.2,207.0,184
T979,212.2,207.0,216
T980,206.4,190.5,140
T981,209.55,211.0,150
T982,219.2,236.5,226
T983,217.15,216.5,228
T984,212.6,222.5,222
T985,212.3,206.5,202
T986,211.0,219.5,128
T987,200.05,197.0,242
T988,206.9,198.0,125
T989,204.5,205.5,158
T990,198.7,195.5,180
T991,190.9,175.5,116
T992,199.8,199.5,191
T993,199.95,187.5,133
T994,192.6,177.5,165
T995,186.75,176.0,162
T996,187.85,156.5,135
T997,49.9,49.0,45
T998,50.3,50.5,56
T999,49.15,49.0,46
T1000,48.2,47.5,47
T1001,47.1,47.0,50
T1002,47.85,47.5,42
T1003,43.3,44.0,44
T1004,45.2,45.5,48
T1005,41.5,41.5,41
T1006,43.7,42.5,41
T1007,43.0,43.0,41
T1008,40.45,42.0,43
T1009,42.15,41.5,39
T1010,41.95,42.0,42
T1011,43.05,43.0,43
T1012,42.5,42.5,40
T1013,42.0,42.0,44
T1014,43.55,43.0,41
T1015,41.25,39.0,39
T1016,41.6,41.0,41
T1017,41.1,40.5,37
T1018,39.0,38.5,39
T1019,41.15,41.0,41
T1020,41.2,41.5,43
T1021,40.2,41.5,44
T1022,40.3,42.0,45
T1023,39.8,41.0,41
T1024,39.55,40.0,36
T1025,39.85,40.5,44
T1026,39.45,41.0,41
T1027,40.65,41.0,37
T1028,40.0,40.0,42
T1029,40.55,41.0,44
T1030,40.95,42.0,42
T1031,41.15,42.5,43
T1032,40.75,41.5,44
T1033,39.4,38.5,37
T1034,43.35,43.0,43
T1035,42.35,41.5,39
T1036,41.85,42.5,45
T1037,40.5,40.0,39
T1038,41.55,42.0,42
T1039,39.6,40.0,35
T1040,41.0,43.0,44
T1041,39.05,39.0,37
T1042,40.55,39.0,38
T1043,42.3,42.0,39
T1044,41.35,43.0,43
T1045,43.75,43.0,45
T1046,42.8,44.0,44
T1047,44.25,44.0,41
T1048,43.75,43.5,40
T1049,42.85,43.0,43
T1050,42.55,42.5,43
T1051,45.85,45.0,43
T1052,46.85,48.5,50
T1053,47.2,47.0,54
T1054,48.3,48.5,47
T1055,49.85,49.5,56
T1056,51.1,50.0,53
T1057,50.45,52.0,47
T1058,51.2,52.5,50
T1059,52.65,53.0,53
T1060,54.25,54.0,54
T1061,57.15,57.0,56
T1062,58.85,59.0,61
T1063,56.95,56.5,59
T1064,60.9,61.5,61
T1065,63.85,64.5,60
T1066,65.25,65.0,65
T1067,66.65,66.0,62
T1068,67.05,67.5,65
T1069,176.2,154.5,154
T1070,179.7,170.0,170
T1071,184.2,167.5,169
T1072,183.7,177.5,190
T1073,176.45,156.0,166
T1074,180.55,164.5,161
T1075,182.55,162.5,186
T1076,185.75,165.5,133
T1077,188.45,172.5,123
T1078,185.05,169.5,188
T1079,187.85,160.0,159
T1080,189.05,178.0,198
T1081,191.35,154.5,151
T1082,192.7,187.0,191
T1083,188.4,183.5,174
T1084,190.25,156.5,221
T1085,195.0,167.5,194
T1086,195.8,177.0,181
T1087,196.05,183.5,192
T1088,196.8,192.5,199
T1089,193.1,155.5,152
T1090,183.7,175.5,178
T1091,185.5,151.0,141
T1092,197.55,170.0,177
T1093,196.35,164.5,162
T1094,197.05,169.0,161
T1095,201.95,165.5,142
T1096,198.0,155.0,155
T1097,195.4,161.5,162
T1098,201.8,173.5,173
T1099,192.0,175.5,184
T1100,191.25,145.0,143
T1101,192.8,160.0,173
T1102,186.0,141.5,139
T1103,180.95,147.0,176
T1104,173.9,138.0,151
T1105,52.3,52.0,52
T1106,50.25,49.5,47
T1107,49.35,49.0,55
T1108,47.05,46.5,45
T1109,47.1,47.0,47
T1110,44.95,45.5,46
T1111,44.05,44.5,49
T1112,45.85,45.0,45
T1113,45.45,44.5,43
T1114,43.75,43.0,43
T1115,42.6,43.0,45
T1116,41.0,41.0,43
T1117,44.0,44.0,42
T1118,42.65,42.5,38
T1119,41.55,41.0,41
T1120,41.25,41.0,43
T1121,40.85,42.0,38
T1122,41.8,42.0,42
T1123,41.6,42.5,43
T1124,40.8,41.0,44
T1125,39.9,37.5,37
T1126,41.65,41.0,38
T1127,42.15,43.0,39
T1128,42.65,42.5,41
T1129,40.7,41.0,45
T1130,39.2,38.5,40
T1131,39.75,39.0,43
T1132,39.6,39.5,37
T1133,41.9,42.0,45
T1134,39.6,40.0,35
T1135,40.75,41.0,42
T1136,40.8,41.0,41
T1137,40.85,40.5,40
T1138,42.75,42.5,32
T1139,40.05,39.5,38
T1140,39.5,40.0,38
T1141,39.6,40.0,38
T1142,38.85,39.5,41
T1143,40.85,40.0,38
T1144,39.4,39.5,45
T1145,38.5,39.5,41
T1146,39.2,39.5,42
T1147,40.7,39.5,37
T1148,38.5,38.0,37
T1149,38.9,39.0,44
T1150,41.55,42.0,45
T1151,39.25,39.0,41
T1152,39.5,40.0,45
T1153,40.55,40.0,40
T1154,38.45,38.5,32
T1155,40.2,41.0,36
T1156,39.6,39.5,46
T1157,41.1,41.0,46
T1158,39.1,40.0,43
T1159,40.8,41.0,44
T1160,40.1,40.5,41
T1161,40.5,40.0,35
T1162,41.1,41.0,41
T1163,39.55,40.0,40
T1164,38.85,40.0,40
T1165,40.35,40.0,43
T1166,40.4,40.5,38
T1167,39.1,39.0,43
T1168,40.8,41.5,43
T1169,38.2,38.5,38
T1170,39.2,40.0,40
T1171,39.9,40.0,41
T1172,39.5,40.0,40
T1173,39.55,39.5,38
T1174,40.9,42.0,42
T1175,38.65,37.0,37
T1176,42.9,43.0,43
T1177,38.75,37.0,37
T1178,39.35,40.0,36
T1179,42.25,41.5,39
T1180,38.6,38.5,36
T1181,39.85,39.5,38
T1182,39.9,39.0,39
T1183,39.55,40.0,42
T1184,39.2,38.5,44
T1185,38.4,40.0,41
T1186,39.75,40.0,41
T1187,39.65,39.0,38
T1188,39.65,39.0,38
T1189,39.55,40.0,36
T1190,40.35,40.5,41
T1191,41.1,40.5,37
T1192,39.15,38.5,38
T1193,41.15,40.5,36
T1194,39.9,40.0,40
T1195,41.3,41.0,41
T1196,38.85,40.0,37
T1197,40.4,40.0,40
T1198,40.55,39.5,39
T1199,38.2,38.0,35
T1200,40.45,40.5,49
T1201,39.6,40.0,41
T1202,39.35,41.0,41
T1203,39.15,39.5,45
T1204,39.95,40.5,41
T1205,38.25,38.5,37
T1206,42.85,42.5,39
T1207,39.75,40.0,40
T1208,39.4,39.0,35
T1209,41.9,42.5,46
T1210,39.35,39.5,40
T1211,42.2,42.0,38
T1212,41.35,42.0,40
T1213,41.15,44.0,44
T1214,38.5,38.0,38
T1215,39.35,39.5,36
T1216,38.2,38.0,38
T1217,41.25,42.0,42
T1218,40.65,40.5,39
T1219,40.55,42.0,42
T1220,40.2,39.5,38
T1221,40.6,42.0,45
T1222,42.8,42.0,42
T1223,40.9,42.0,44
T1224,42.35,42.5,44
T1225,40.45,41.5,42
T1226,45.0,45.5,43
T1227,44.05,44.5,45
T1228,44.0,43.0,49
T1229,44.05,44.0,43
T1230,43.7,44.0,45
T1231,46.45,47.5,50
T1232,46.5,47.0,48
T1233,45.45,45.5,43
T1234,47.1,47.0,47
T1235,47.0,48.0,52
T1236,50.25,49.0,46
T1237,51.6,52.0,48
T1238,52.55,51.5,46
T1239,53.05,53.5,54
T1240,56.15,57.0,57
T1241,57.75,58.0,57
T1242,58.85,60.0,60
T1243,58.4,58.0,61
T1244,60.45,59.0,58
T1245,63.3,62.5,66
T1246,63.65,66.0,66
T1247,64.65,65.0,63
T1248,68.2,67.5,64
T1249,116.0,108.5,73
T1250,131.2,135.5,139
T1251,137.1,135.0,180
T1252,148.35,149.5,226
T1253,156.75,153.0,230
T1254,172.05,168.0,150
T1255,166.85,174.0,121
T1256,172.7,166.0,167
T1257,174.75,167.0,167
T1258,176.65,168.5,215
T1259,178.7,157.5,150
T1260,181.55,173.5,138
T1261,196.05,182.5,138
T1262,196.8,204.5,216
T1263,195.25,200.0,208
T1264,195.3,187.0,311
T1265,199.2,200.0,147
T1266,202.15,183.5,175
T1267,209.75,193.0,175
T1268,214.7,211.0,149
T1269,207.15,201.0,193
T1270,207.6,211.5,206
T1271,210.25,207.0,141
T1272,199.7,199.0,119
T1273,211.2,213.5,123
T1274,207.6,200.5,115
T1275,207.4,208.0,208
T1276,208.95,205.0,203
T1277,205.85,215.0,230
T1278,199.9,186.5,236
T1279,209.2,199.5,186
T1280,207.35,218.0,152
T1281,188.75,172.0,195
T1282,191.1,190.0,214
T1283,190.1,189.0,185
T1284,180.4,178.5,174
T1285,50.3,51.5,52
T1286,49.45,48.5,47
T1287,48.85,49.0,47
T1288,47.4,49.0,50
T1289,46.4,46.0,44
T1290,46.35,47.0,47
T1291,43.7,44.0,47
T1292,45.9,46.5,47
T1293,44.85,44.0,50
T1294,43.35,44.5,49
T1295,43.1,43.0,40
T1296,42.05,42.5,45
T1297,43.6,43.5,43
T1298,40.85,40.0,40
T1299,41.3,41.5,44
T1300,43.2,43.5,49
T1301,41.2,41.5,42
T1302,40.75,40.5,38
T1303,41.25,41.0,49
T1304,40.0,41.0,41
T1305,40.55,40.0,42
T1306,40.4,40.5,44
T1307,40.25,40.5,43
T1308,39.45,39.0,32
T1309,41.5,42.5,43
T1310,41.6,41.0,38
T1311,42.25,42.5,45
T1312,40.5,40.5,41
T1313,40.8,39.5,37
T1314,40.2,41.0,42
T1315,40.2,39.5,36
T1316,40.05,40.0,40
T1317,37.9,38.5,33
T1318,40.5,39.0,38
T1319,41.25,40.5,38
T1320,40.0,41.0,41
T1321,40.35,40.0,40
T1322,40.7,39.5,39
T1323,41.95,43.0,44
T1324,39.95,38.0,38
T1325,40.65,42.0,43
T1326,38.55,38.5,39
T1327,40.45,40.5,43
T1328,40.2,41.5,41
T1329,40.5,41.0,41
T1330,41.85,41.5,41
T1331,41.55,41.0,41
T1332,42.05,42.0,43
T1333,40.35,40.5,42
T1334,41.95,41.5,45
T1335,44.05,43.5,46
T1336,43.55,42.5,39
T1337,42.2,43.0,46
T1338,44.4,43.5,42
T1339,45.95,46.0,42
T1340,46.55,47.5,47
T1341,46.1,45.5,43
T1342,47.75,47.5,48
T1343,48.15,47.0,43
T1344,48.45,49.5,48
T1345,52.0,52.0,53
T1346,51.45,52.0,53
T1347,54.3,53.5,54
T1348,55.75,55.0,54
T1349,56.65,57.0,57
T1350,57.65,58.0,58
T1351,60.95,61.5,62
T1352,59.55,60.0,60
T1353,62.85,63.0,61
T1354,64.9,66.0,66
T1355,66.25,66.5,69
T1356,67.2,67.5,71
T1357,177.95,166.5,192
T1358,178.5,155.0,156
T1359,174.2,169.0,175
T1360,179.35,163.0,163
T1361,173.2,150.0,106
T1362,180.1,172.0,179
T1363,181.2,162.5,191
T1364,196.15,182.0,201
T1365,186.4,167.0,168
T1366,181.9,173.0,184
T1367,183.45,170.0,180
T1368,181.15,164.5,167
T1369,186.15,169.5,201
T1370,192.7,179.0,139
T1371,192.65,180.5,177
T1372,193.55,173.5,170
T1373,197.25,178.5,205
T1374,192.75,174.5,184
T1375,194.7,172.5,164
T1376,197.65,177.5,147
T1377,196.0,185.5,120
T1378,192.15,160.5,158
T1379,198.05,172.0,186
T1380,191.25,172.5,163
T1381,191.85,185.5,219
T1382,180.95,183.5,190
T1383,188.5,190.0,191
T1384,192.25,175.0,195
T1385,180.05,163.5,176
T1386,169.9,161.5,166
T1387,184.4,165.5,172
T1388,180.75,166.0,166
T1389,188.1,170.5,209
T1390,185.15,161.5,134
T1391,182.8,157.5,143
T1392,187.45,154.0,188
T1393,49.9,50.0,54
T1394,49.45,48.0,47
T1395,50.3,51.0,52
T1396,46.55,47.5,50
T1397,47.0,47.0,51
T1398,47.25,47.0,52
T1399,46.0,46.0,46
T1400,45.7,46.0,46
T1401,45.1,46.0,46
T1402,41.4,41.5,41
T1403,41.95,41.5,41
T1404,41.65,42.0,41
T1405,41.15,41.5,42
T1406,43.95,43.5,41
T1407,40.55,40.0,33
T1408,41.3,40.5,37
T1409,38.7,39.5,43
T1410,39.4,39.0,36
T1411,41.6,42.0,43
T1412,40.35,40.5,40
T1413,40.5,40.0,38
T1414,39.3,38.5,37
T1415,40.8,41.5,46
T1416,40.5,41.0,41
T1417,38.95,37.5,37
T1418,40.85,40.5,45
T1419,42.75,43.0,42
T1420,38.4,38.0,32
T1421,39.25,39.0,38
T1422,40.15,39.5,37
T1423,40.3,40.0,48
T1424,41.0,40.0,40
T1425,40.95,41.0,37
T1426,41.25,39.5,38
T1427,39.0,40.0,36
T1428,39.35,40.5,38
T1429,39.3,39.5,37
T1430,39.05,39.0,39
T1431,41.1,41.0,45
T1432,39.4,40.0,36
T1433,41.25,42.0,43
T1434,38.05,37.0,37
T1435,39.8,40.0,40
T1436,37.45,37.0,35
T1437,40.35,41.0,42
T1438,40.3,40.5,37
T1439,41.25,41.0,41
T1440,40.1,41.5,43
T1441,38.7,39.0,39
T1442,40.3,40.5,35
T1443,37.15,37.5,37
T1444,40.7,41.0,38
T1445,39.2,40.0,40
T1446,40.05,39.0,42
T1447,40.8,41.0,41
T1448,40.3,40.5,43
T1449,41.0,41.5,40
T1450,39.8,40.5,42
T1451,41.15,40.5,36
T1452,40.6,42.0,43
T1453,40.15,40.0,40
T1454,40.45,39.5,37
T1455,40.0,38.0,38
T1456,40.35,40.0,35
T1457,40.9,40.0,40
T1458,37.85,38.0,33
T1459,40.2,39.0,39
T1460,40.65,40.5,38
T1461,39.8,40.0,40
T1462,38.6,39.0,39
T1463,40.55,39.0,38
T1464,39.85,39.5,42
T1465,40.15,39.0,45
T1466,39.45,39.0,44
T1467,37.8,38.5,40
T1468,40.7,41.0,42
T1469,40.45,40.0,40
T1470,39.3,39.0,35
T1471,40.5,40.0,38
T1472,39.45,41.0,41
T1473,39.6,42.0,42
T1474,39.6,40.5,42
T1475,40.55,40.0,40
T1476,40.9,41.0,37
T1477,39.75,39.0,39
T1478,38.3,38.0,40
T1479,38.9,40.0,41
T1480,40.15,40.0,36
T1481,40.65,39.5,39
T1482,38.75,38.0,38
T1483,40.0,40.0,43
T1484,39.75,40.0,40
T1485,41.95,41.5,41
T1486,41.9,42.5,42
T1487,39.9,40.5,41
T1488,41.25,41.5,43
T1489,40.1,39.0,36
T1490,40.95,41.5,43
T1491,39.15,39.0,39
T1492,39.75,41.0,42
T1493,41.6,42.0,42
T1494,39.65,39.0,40
T1495,39.9,41.5,42
T1496,37.75,37.0,38
T1497,41.65,41.0,49
T1498,40.7,42.0,44
T1499,39.95,41.5,45
T1500,40.7,40.0,39
T1501,41.9,42.0,43
T1502,39.55,39.5,39
T1503,38.05,38.5,34
T1504,40.65,42.0,44
T1505,41.4,39.5,39
T1506,41.5,41.5,48
T1507,40.55,41.0,44
T1508,40.55,41.0,41
T1509,40.3,40.5,41
T1510,39.85,40.5,43
T1511,41.15,42.0,42
T1512,39.5,38.5,32
T1513,41.05,40.0,38
T1514,43.2,41.5,40
T1515,42.05,41.5,39
T1516,42.9,42.5,46
T1517,44.45,44.0,44
T1518,47.1,47.0,47
T1519,45.5,46.5,47
T1520,47.25,48.0,48
T1521,47.2,47.0,44
T1522,48.25,48.0,48
T1523,48.05,47.5,46
T1524,49.8,50.0,49
T1525,50.75,51.0,56
T1526,53.2,52.5,56
T1527,54.8,53.5,53
T1528,55.1,55.0,51
T1529,54.9,54.5,57
T1530,58.5,57.5,54
T1531,58.85,59.5,64
T1532,63.3,64.5,65
T1533,61.4,61.0,61
T1534,63.35,64.5,68
T1535,65.25,66.0,60
T1536,68.35,68.5,65
T1537,81.15,80.5,51
T1538,79.0,73.0,73
T1539,77.5,73.0,74
T1540,81.3,80.5,101
T1541,79.75,77.5,88
T1542,90.15,84.5,106
T1543,94.0,85.5,43
T1544,96.65,90.0,84
T1545,106.25,102.5,59
T1546,103.35,94.5,92
T1547,114.5,103.0,114
T1548,122.15,123.5,124
T1549,131.15,113.0,113
T1550,131.65,126.0,135
T1551,131.25,128.5,84
T1552,139.6,131.5,238
T1553,136.6,124.5,73
T1554,142.7,134.0,155
T1555,145.35,136.0,136
T1556,151.4,144.0,146
T1557,155.0,150.5,176
T1558,162.5,153.5,149
T1559,154.45,153.5,159
T1560,160.2,154.0,171
T1561,157.55,162.0,111
T1562,165.2,167.5,123
T1563,158.6,154.5,124
T1564,166.8,168.0,121
T1565,169.2,158.0,143
T1566,171.2,167.0,107
T1567,169.1,173.0,169
T1568,174.35,163.5,162
T1569,166.5,146.5,133
T1570,173.35,174.0,208
T1571,180.15,171.0,177
T1572,177.2,163.5,156
T1573,51.0,51.5,56
T1574,48.9,48.5,45
T1575,50.05,49.5,50
T1576,48.3,47.5,53
T1577,47.4,48.0,48
T1578,47.45,47.5,44
T1579,45.35,44.0,41
T1580,45.4,46.5,42
T1581,43.55,42.5,38
T1582,43.65,45.5,46
T1583,43.7,43.5,43
T1584,43.25,44.0,46
T1585,41.95,43.0,43
T1586,41.3,40.5,39
T1587,40.3,41.0,41
T1588,41.55,41.0,42
T1589,41.05,41.5,48
T1590,42.0,41.5,41
T1591,40.7,41.0,45
T1592,40.3,40.0,40
T1593,40.2,40.5,44
T1594,39.75,40.0,42
T1595,38.2,39.5,40
T1596,40.6,40.5,34
T1597,40.15,41.0,44
T1598,41.95,42.5,41
T1599,40.25,39.5,38
T1600,42.75,43.5,44
T1601,41.0,41.5,37
T1602,41.55,41.5,38
T1603,41.3,41.0,36
T1604,39.65,40.5,39
T1605,40.65,41.0,40
T1606,39.2,39.5,36
T1607,40.05,39.5,43
T1608,38.2,37.5,39
T1609,41.05,41.5,44
T1610,41.35,42.0,44
T1611,39.05,39.5,43
T1612,39.9,39.0,42
T1613,42.1,43.0,45
T1614,39.35,40.0,39
T1615,40.15,39.5,44
T1616,40.75,40.0,40
T1617,42.25,41.0,40
T1618,41.5,41.5,40
T1619,43.05,43.5,42
T1620,41.2,42.5,46
T1621,43.15,44.5,45
T1622,43.85,44.0,40
T1623,41.7,42.0,42
T1624,43.9,43.5,45
T1625,45.85,46.0,43
T1626,46.4,46.5,47
T1627,43.85,43.5,44
T1628,46.35,47.0,48
T1629,48.65,49.0,49
T1630,48.4,48.5,46
T1631,49.05,50.5,51
T1632,51.9,52.5,57
T1633,51.5,53.5,55
T1634,52.55,53.0,56
T1635,54.8,54.0,51
T1636,57.4,58.0,61
T1637,57.55,57.0,63
T1638,57.85,58.0,54
T1639,59.95,62.0,57
T1640,61.35,61.0,58
T1641,61.8,61.5,61
T1642,65.75,66.0,69
T1643,66.35,68.5,69
T1644,65.95,66.5,70
T1645,182.4,167.0,110
T1646,187.0,181.0,198
T1647,177.9,175.0,188
T1648,185.15,167.0,198
T1649,173.8,161.5,86
T1650,184.05,175.5,177
T1651,180.15,159.0,193
T1652,182.7,158.0,120
T1653,187.8,176.5,120
T1654,192.55,186.5,199
T1655,188.05,167.5,97
T1656,184.55,172.0,164
T1657,189.2,163.5,113
T1658,187.25,174.5,188
T1659,186.95,166.5,203
T1660,190.0,182.0,224
T1661,184.9,168.0,166
T1662,193.65,173.0,177
T1663,174.0,176.0,184
T1664,192.3,196.0,201
T1665,199.35,190.0,205
T1666,196.65,177.0,97
T1667,194.85,180.5,205
T1668,190.65,162.5,195
T1669,200.3,183.5,192
T1670,197.2,181.5,202
T1671,194.65,185.0,197
T1672,183.15,161.5,177
T1673,183.2,174.0,190
T1674,183.3,172.5,129
T1675,184.1,171.5,192
T1676,194.55,174.5,131
T1677,177.45,172.5,185
T1678,173.1,153.0,97
T1679,176.95,179.5,191
T1680,178.65,175.0,199
T1681,50.1,50.0,50
T1682,47.35,47.0,45
T1683,47.75,47.5,42
T1684,48.7,49.5,50
T1685,47.75,47.5,46
T1686,43.5,43.0,42
T1687,45.45,45.5,45
T1688,44.9,45.0,46
T1689,41.9,41.5,39
T1690,45.05,46.0,46
T1691,40.6,41.5,45
T1692,43.8,44.5,45
T1693,42.85,42.5,42
T1694,42.65,43.0,36
T1695,41.3,41.5,43
T1696,41.4,41.0,38
T1697,42.5,43.0,48
T1698,42.6,42.0,41
T1699,41.3,42.0,44
T1700,42.0,41.5,45
T1701,39.3,40.0,40
T1702,38.2,39.0,41
T1703,39.65,40.5,42
T1704,42.2,42.5,51
T1705,39.9,40.5,43
T1706,40.95,41.5,46
T1707,40.55,40.0,47
T1708,41.95,42.0,46
T1709,38.95,40.0,41
T1710,39.6,39.5,39
T1711,40.15,39.0,39
T1712,40.6,40.5,40
T1713,39.2,39.5,45
T1714,39.95,39.5,31
T1715,41.3,41.0,45
T1716,40.9,40.0,47
T1717,39.45,39.5,33
T1718,40.7,41.5,36
T1719,40.65,41.0,43
T1720,41.0,41.5,42
T1721,37.6,36.0,36
T1722,40.25,38.5,36
T1723,40.75,41.0,42
T1724,40.2,40.5,39
T1725,39.65,39.5,49
T1726,39.9,40.0,38
T1727,38.85,39.0,37
T1728,40.3,41.0,41
T1729,38.55,37.0,33
T1730,39.45,40.0,40
T1731,40.1,40.0,39
T1732,39.85,39.5,36
T1733,39.25,39.0,39
T1734,40.1,39.5,41
T1735,39.25,40.5,42
T1736,39.2,38.5,44
T1737,37.95,38.0,41
T1738,39.9,38.5,36
T1739,40.1,38.0,35
T1740,39.7,40.5,35
T1741,40.75,41.0,43
T1742,38.25,39.0,37
T1743,40.15,40.0,37
T1744,39.65,39.5,40
T1745,40.95,42.0,43
T1746,38.9,40.0,40
T1747,41.8,41.0,40
T1748,38.0,39.0,40
T1749,41.45,41.5,40
T1750,41.1,40.5,45
T1751,38.4,39.0,41
T1752,40.6,41.0,44
T1753,42.55,43.0,43
T1754,38.8,39.0,39
T1755,39.9,39.0,38
T1756,40.15,41.5,39
T1757,39.35,38.0,38
T1758,40.7,40.5,40
T1759,39.2,39.5,40
T1760,37.4,39.0,39
T1761,39.7,38.0,35
T1762,41.55,41.0,41
T1763,40.85,39.5,36
T1764,39.85,41.0,42
T1765,41.55,42.5,43
T1766,41.6,41.0,39
T1767,41.6,41.0,41
T1768,38.3,39.5,43
T1769,41.55,42.0,44
T1770,38.5,37.0,37
T1771,40.4,39.0,39
T1772,39.85,40.0,40
T1773,38.65,38.0,36
T1774,38.25,39.5,40
T1775,40.55,40.0,37
T1776,40.3,40.0,40
T1777,40.35,41.0,41
T1778,41.0,41.5,42
T1779,38.45,37.5,36
T1780,39.1,39.0,43
T1781,41.25,41.5,43
T1782,40.6,39.5,38
T1783,41.2,42.5,43
T1784,40.85,40.5,40
T1785,38.3,39.0,37
T1786,39.9,40.0,41
T1787,39.1,38.5,33
T1788,41.65,43.0,44
T1789,40.35,40.0,40
T1790,39.4,39.5,40
T1791,39.7,40.0,41
T1792,39.8,38.0,37
T1793,41.4,41.0,39
T1794,40.85,40.0,39
T1795,41.65,42.0,43
T1796,41.85,41.0,43
T1797,40.2,39.5,40
T1798,41.05,40.0,39
T1799,41.8,40.0,46
T1800,43.45,44.0,43
T1801,43.0,44.0,39
T1802,43.2,42.5,38
T1803,41.4,40.0,49
T1804,42.85,44.5,45
T1805,45.35,44.0,49
T1806,45.45,46.0,46
T1807,45.25,46.0,46
T1808,46.3,47.5,48
T1809,49.1,49.0,49
T1810,47.8,48.0,50
T1811,49.3,48.5,51
T1812,50.15,50.5,52
T1813,51.0,51.5,52
T1814,54.45,55.5,57
T1815,53.4,53.5,54
T1816,55.65,55.0,59
T1817,55.65,56.5,57
T1818,54.95,56.0,60
T1819,58.8,58.5,61
T1820,61.5,62.0,64
T1821,61.1,62.0,62
T1822,64.2,64.0,65
T1823,66.65,66.5,66
T1824,67.4,67.0,62
T1825,63.05,63.0,79
T1826,79.45,69.5,62
T1827,74.75,68.0,69
T1828,73.9,77.0,77
T1829,77.1,78.5,80
T1830,82.75,84.0,87
T1831,85.85,77.5,76
T1832,87.1,83.5,54
T1833,93.4,94.5,110
T1834,94.9,94.0,110
T1835,98.85,91.0,58
T1836,106.1,102.5,93
T1837,106.0,103.0,114
T1838,110.8,116.0,116
T1839,110.55,110.5,114
T1840,114.2,113.0,113
T1841,112.65,110.5,71
T1842,111.75,111.0,110
T1843,119.85,114.5,93
T1844,120.05,115.0,110
T1845,115.35,109.5,106
T1846,118.35,112.5,115
T1847,122.95,121.0,121
T1848,120.45,112.5,129
T1849,129.3,128.0,135
T1850,129.45,126.5,92
T1851,129.75,130.5,109
T1852,136.7,126.5,121
T1853,135.5,125.5,109
T1854,137.75,131.0,143
T1855,134.8,128.0,118
T1856,144.35,129.5,117
T1857,140.95,131.5,147
T1858,148.9,146.0,143
T1859,152.95,149.0,98
T1860,154.95,143.0,143
T1861,51.9,51.5,55
T1862,48.95,49.0,49
T1863,47.85,47.5,44
T1864,46.9,48.0,48
T1865,45.6,45.5,45
T1866,45.8,47.0,49
T1867,46.3,45.5,44
T1868,45.4,47.0,47
T1869,44.25,44.0,39
T1870,42.75,42.5,41
T1871,43.6,43.5,43
T1872,42.65,41.0,40
T1873,40.45,41.0,43
T1874,40.65,41.0,42
T1875,40.8,42.0,42
T1876,43.6,44.5,46
T1877,39.0,38.5,43
T1878,41.95,43.5,38
T1879,39.65,38.5,36
T1880,39.95,40.0,40
T1881,42.1,42.0,36
T1882,39.7,39.5,36
T1883,41.0,41.0,43
T1884,39.05,38.5,38
T1885,38.8,38.5,38
T1886,41.0,41.0,47
T1887,40.45,42.0,46
T1888,42.1,43.0,44
T1889,41.05,41.5,44
T1890,38.35,39.0,42
T1891,41.15,41.5,39
T1892,39.35,38.5,43
T1893,40.85,40.5,43
T1894,37.95,38.0,38
T1895,39.95,40.0,41
T1896,44.35,43.0,43
T1897,42.0,43.0,38
T1898,42.1,41.0,37
T1899,39.3,39.0,39
T1900,38.95,39.0,34
T1901,41.15,40.5,39
T1902,40.9,42.0,34
T1903,39.45,40.0,45
T1904,42.75,43.0,45
T1905,42.7,43.0,43
T1906,40.3,40.0,42
T1907,41.65,41.0,46
T1908,42.8,44.5,48
T1909,42.55,43.0,39
T1910,42.65,43.0,43
T1911,41.95,41.5,39
T1912,42.05,42.0,42
T1913,41.8,42.5,47
T1914,44.35,44.5,45
T1915,45.55,45.5,42
T1916,47.65,47.0,51
T1917,46.1,46.0,46
T1918,48.2,48.0,48
T1919,50.7,50.5,50
T1920,50.25,51.0,54
T1921,52.25,51.0,48
T1922,54.85,54.0,50
T1923,55.6,55.5,59
T1924,55.85,57.0,58
T1925,55.05,54.0,54
T1926,59.35,59.5,60
T1927,59.05,60.0,61
T1928,61.65,62.5,68
T1929,61.55,62.0,64
T1930,64.15,63.5,55
T1931,63.3,63.5,64
T1932,69.85,70.0,69
T1933,155.5,136.5,166
T1934,153.35,135.5,177
T1935,153.3,139.5,151
T1936,156.8,142.5,171
T1937,165.4,153.0,114
T1938,161.45,145.5,128
T1939,153.55,143.5,148
T1940,146.3,138.0,161
T1941,150.9,149.5,149
T1942,160.55,137.5,87
T1943,156.45,146.0,142
T1944,166.65,150.0,146
T1945,158.55,140.0,241
T1946,163.55,154.0,90
T1947,156.95,153.5,159
T1948,159.25,145.5,161
T1949,163.7,147.0,141
T1950,168.3,145.5,236
T1951,159.25,151.5,143
T1952,161.0,154.5,162
T1953,164.9,153.5,141
T1954,163.45,156.0,143
T1955,159.0,139.5,169
T1956,162.8,152.0,152
T1957,156.65,142.5,136
T1958,155.25,130.0,127
T1959,172.7,161.5,165
T1960,167.25,161.0,164
T1961,161.55,143.5,142
T1962,162.35,139.0,136
T1963,166.4,151.0,155
T1964,159.35,149.5,146
T1965,152.3,140.5,110
T1966,164.7,146.5,145
T1967,159.2,156.5,155
T1968,153.7,145.0,88
T1969,51.4,52.0,48
T1970,47.55,47.0,50
T1971,49.6,49.5,50
T1972,48.3,48.0,47
T1973,47.85,47.0,45
T1974,44.75,43.5,41
T1975,44.95,45.0,48
T1976,44.95,45.0,45
T1977,45.0,44.0,44
T1978,44.35,44.5,45
T1979,44.35,43.5,43
T1980,42.4,43.0,44
T1981,42.75,42.5,47
T1982,42.95,43.0,43
T1983,43.95,43.5,41
T1984,41.5,42.5,45
T1985,40.45,41.0,42
T1986,41.4,41.5,35
T1987,40.75,41.0,43
T1988,40.75,40.5,46
T1989,40.55,39.0,37
T1990,41.85,42.5,44
T1991,39.95,40.0,40
T1992,38.05,38.5,41
T1993,41.15,42.0,39
T1994,41.7,42.0,44
T1995,41.45,42.0,38
T1996,40.5,40.0,43
T1997,42.95,43.0,45
T1998,39.8,39.5,40
T1999,39.85,39.5,38
T2000,39.1,39.5,38
T2001,40.15,40.0,37
T2002,40.4,41.5,38
T2003,39.65,39.5,35
T2004,40.85,41.0,46
T2005,41.8,41.5,45
T2006,39.75,40.0,45
T2007,40.1,40.5,44
T2008,38.5,38.0,41
T2009,40.4,41.0,41
T2010,39.8,40.0,39
T2011,41.2,40.5,39
T2012,38.45,39.0,39
T2013,38.05,38.5,39
T2014,39.3,38.0,34
T2015,40.95,40.5,40
T2016,40.9,40.5,39
